20000610>_<1392410130,992893,0,-8.677584,41.153823,1392410130,-8.677476,41.153886,1392410145
20000610>_<1392410130,992893,1,-8.677476,41.153886,1392410145,-8.676675,41.153364,1392410160
20000610>_<1392410130,992893,2,-8.676675,41.153364,1392410160,-8.676279,41.153067,1392410175
20000610>_<1392410130,992893,3,-8.676279,41.153067,1392410175,-8.675253,41.153634,1392410190
20000610>_<1392410130,992893,4,-8.675253,41.153634,1392410190,-8.674245,41.154246,1392410205
20000610>_<1392410130,992893,5,-8.674245,41.154246,1392410205,-8.673642,41.154597,1392410220
20000610>_<1392410130,992893,6,-8.673642,41.154597,1392410220,-8.672238,41.15493,1392410235
20000610>_<1392410130,992893,7,-8.672238,41.15493,1392410235,-8.670771,41.15583,1392410250
20000610>_<1392410130,992893,8,-8.670771,41.15583,1392410250,-8.668161,41.156865,1392410265
20000610>_<1392410130,992893,9,-8.668161,41.156865,1392410265,-8.665587,41.157882,1392410280
20000610>_<1392410130,992893,10,-8.665587,41.157882,1392410280,-8.663013,41.158908,1392410295
20000610>_<1392410130,992893,11,-8.663013,41.158908,1392410295,-8.660385,41.159934,1392410310
20000610>_<1392410130,992893,12,-8.660385,41.159934,1392410310,-8.657793,41.161005,1392410325
20000610>_<1392410130,992893,13,-8.657793,41.161005,1392410325,-8.656236,41.161815,1392410340
20000610>_<1392410130,992893,14,-8.656236,41.161815,1392410340,-8.654805,41.162175,1392410355
20000610>_<1392410130,992893,15,-8.654805,41.162175,1392410355,-8.652951,41.161887,1392410370
20000610>_<1392410130,992893,16,-8.652951,41.161887,1392410370,-8.652618,41.161923,1392410385
20000610>_<1392410130,992893,17,-8.652618,41.161923,1392410385,-8.651664,41.161671,1392410400
20000610>_<1392410130,992893,18,-8.651664,41.161671,1392410400,-8.649468,41.161239,1392410415
20000610>_<1392410130,992893,19,-8.649468,41.161239,1392410415,-8.647623,41.160753,1392410430
20000610>_<1392410130,992893,20,-8.647623,41.160753,1392410430,-8.647389,41.159898,1392410445
20000610>_<1392410130,992893,21,-8.647389,41.159898,1392410445,-8.64792,41.159601,1392410460
20000610>_<1392410130,992893,22,-8.64792,41.159601,1392410460,-8.648208,41.159754,1392410475
20000610>_<1392410130,992893,23,-8.648208,41.159754,1392410475,-8.648559,41.160213,1392410490
20000610>_<1392410130,992893,24,-8.648559,41.160213,1392410490,-8.649216,41.161536,1392410505
20000610>_<1392410130,992893,25,-8.649216,41.161536,1392410505,-8.648307,41.163768,1392410520
20000610>_<1392410130,992893,26,-8.648307,41.163768,1392410520,-8.645211,41.165361,1392410535
20000610>_<1392410130,992893,27,-8.645211,41.165361,1392410535,-8.641962,41.167269,1392410550
20000610>_<1392410130,992893,28,-8.641962,41.167269,1392410550,-8.638884,41.169474,1392410565
20000610>_<1392410130,992893,29,-8.638884,41.169474,1392410565,-8.635446,41.171202,1392410580
20000610>_<1392410130,992893,30,-8.635446,41.171202,1392410580,-8.631333,41.172075,1392410595
20000610>_<1392410130,992893,31,-8.631333,41.172075,1392410595,-8.627598,41.172858,1392410610
20000610>_<1392410130,992893,32,-8.627598,41.172858,1392410610,-8.623935,41.173227,1392410625
20000610>_<1392410130,992893,33,-8.623935,41.173227,1392410625,-8.619822,41.173605,1392410640
20000610>_<1392410130,992893,34,-8.619822,41.173605,1392410640,-8.61579,41.174055,1392410655
20000610>_<1392410130,992893,35,-8.61579,41.174055,1392410655,-8.612226,41.174406,1392410670
20000610>_<1392410130,992893,36,-8.612226,41.174406,1392410670,-8.608563,41.173596,1392410685
20000610>_<1392410130,992893,37,-8.608563,41.173596,1392410685,-8.605215,41.171661,1392410700
20000610>_<1392410130,992893,38,-8.605215,41.171661,1392410700,-8.601606,41.171193,1392410715
20000610>_<1392410130,992893,39,-8.601606,41.171193,1392410715,-8.598402,41.17131,1392410730
20000610>_<1392410130,992893,40,-8.598402,41.17131,1392410730,-8.596377,41.170914,1392410745
20000610>_<1392410130,992893,41,-8.596377,41.170914,1392410745,-8.595036,41.172372,1392410760
20000610>_<1392410130,992893,42,-8.595036,41.172372,1392410760,-8.593938,41.17482,1392410775
20000610>_<1392410130,992893,43,-8.593938,41.17482,1392410775,-8.593227,41.177772,1392410790
20000610>_<1392410130,992893,44,-8.593227,41.177772,1392410790,-8.592921,41.181039,1392410805
20000610>_<1392410130,992893,45,-8.592921,41.181039,1392410805,-8.59356,41.184207,1392410820
20000610>_<1392410130,992893,46,-8.59356,41.184207,1392410820,-8.594505,41.187141,1392410835
20000610>_<1392410130,992893,47,-8.594505,41.187141,1392410835,-8.594208,41.189886,1392410850
20000610>_<1392410130,992893,48,-8.594208,41.189886,1392410850,-8.592174,41.192199,1392410865
20000610>_<1392410130,992893,49,-8.592174,41.192199,1392410865,-8.590401,41.194665,1392410880
20000610>_<1392410130,992893,50,-8.590401,41.194665,1392410880,-8.587944,41.195988,1392410895
20000610>_<1392410130,992893,51,-8.587944,41.195988,1392410895,-8.585739,41.19795,1392410910
20000610>_<1392410130,992893,52,-8.585739,41.19795,1392410910,-8.582616,41.198922,1392410925
20000610>_<1392410130,992893,53,-8.582616,41.198922,1392410925,-8.579223,41.199048,1392410940
20000610>_<1392410130,992893,54,-8.579223,41.199048,1392410940,-8.571663,41.198607,1392410955
20000610>_<1392410130,992893,55,-8.571663,41.198607,1392410955,-8.568216,41.199795,1392410970
20000610>_<1392410130,992893,56,-8.568216,41.199795,1392410970,-8.56512,41.201154,1392410985
20000610>_<1392410130,992893,57,-8.56512,41.201154,1392410985,-8.561763,41.201613,1392411000
20000610>_<1392410130,992893,58,-8.561763,41.201613,1392411000,-8.558937,41.201298,1392411015
20000610>_<1392410130,992893,59,-8.558937,41.201298,1392411015,-8.556093,41.200911,1392411030
20000610>_<1392410130,992893,60,-8.556093,41.200911,1392411030,-8.554329,41.200272,1392411045
20000610>_<1392410130,992893,61,-8.554329,41.200272,1392411045,-8.553276,41.200803,1392411060
20000610>_<1392410130,992893,62,-8.553276,41.200803,1392411060,-8.552358,41.202288,1392411075
20000610>_<1392410130,992893,63,-8.552358,41.202288,1392411075,-8.551125,41.202981,1392411090
20000610>_<1392410130,992893,64,-8.551125,41.202981,1392411090,-8.54901,41.204133,1392411105
20000610>_<1392410130,992893,65,-8.54901,41.204133,1392411105,-8.546751,41.205258,1392411120
20000610>_<1392410130,992893,66,-8.546751,41.205258,1392411120,-8.54361,41.205618,1392411135
20000610>_<1392410130,992893,67,-8.54361,41.205618,1392411135,-8.541414,41.205897,1392411150
20000610>_<1392410130,992893,68,-8.541414,41.205897,1392411150,-8.54073,41.20596,1392411165
20000610>_<1392410130,992893,69,-8.54073,41.20596,1392411165,-8.541468,41.207202,1392411180
20000610>_<1392410130,992893,70,-8.541468,41.207202,1392411180,-8.542017,41.208768,1392411195
20000610>_<1392410130,992893,71,-8.542017,41.208768,1392411195,-8.542161,41.20992,1392411210
20000610>_<1392410130,992893,72,-8.542161,41.20992,1392411210,-8.539416,41.210082,1392411225
20000610>_<1392410130,992893,73,-8.539416,41.210082,1392411225,-8.537166,41.210595,1392411240
20000610>_<1392410130,992893,74,-8.537166,41.210595,1392411240,-8.535537,41.211315,1392411255
20000610>_<1392410130,992893,75,-8.535537,41.211315,1392411255,-8.533836,41.211225,1392411270
20000610>_<1392410130,992893,76,-8.533836,41.211225,1392411270,-8.531937,41.21154,1392411285
20000610>_<1392410130,992893,77,-8.531937,41.21154,1392411285,-8.531748,41.211882,1392411300
20000610>_<1392410130,992893,78,-8.531748,41.211882,1392411300,-8.532297,41.212935,1392411315
20000610>_<1392410130,992893,79,-8.532297,41.212935,1392411315,-8.532747,41.213313,1392411330
20000610>_<1392410130,992893,80,-8.532747,41.213313,1392411330,-8.532747,41.213295,1392411345
20000610>_<1392410130,992893,81,-8.532747,41.213295,1392411345,-8.532747,41.213286,1392411360
20000610>_<1392410130,992893,82,-8.532747,41.213286,1392411360,-8.532738,41.213295,1392411375
20000370>_<1392838950,1012345,0,-8.59041,41.171175,1392838950,-8.590428,41.171283,1392838965
20000370>_<1392838950,1012345,1,-8.590428,41.171283,1392838965,-8.590446,41.171247,1392838980
20000370>_<1392838950,1012345,2,-8.590446,41.171247,1392838980,-8.590338,41.170887,1392838995
20000370>_<1392838950,1012345,3,-8.590338,41.170887,1392838995,-8.590347,41.171013,1392839010
20000370>_<1392838950,1012345,4,-8.590347,41.171013,1392839010,-8.590329,41.170842,1392839025
20000370>_<1392838950,1012345,5,-8.590329,41.170842,1392839025,-8.590311,41.17086,1392839040
20000370>_<1392838950,1012345,6,-8.590311,41.17086,1392839040,-8.590266,41.170842,1392839055
20000370>_<1392838950,1012345,7,-8.590266,41.170842,1392839055,-8.590176,41.170851,1392839070
20000370>_<1392838950,1012345,8,-8.590176,41.170851,1392839070,-8.590212,41.170932,1392839085
20000370>_<1392838950,1012345,9,-8.590212,41.170932,1392839085,-8.590275,41.170986,1392839100
20000370>_<1392838950,1012345,10,-8.590275,41.170986,1392839100,-8.58987,41.171391,1392839115
20000370>_<1392838950,1012345,11,-8.58987,41.171391,1392839115,-8.588871,41.170788,1392839130
20000370>_<1392838950,1012345,12,-8.588871,41.170788,1392839130,-8.588718,41.170734,1392839145
20000370>_<1392838950,1012345,13,-8.588718,41.170734,1392839145,-8.588583,41.170797,1392839160
20000370>_<1392838950,1012345,14,-8.588583,41.170797,1392839160,-8.587269,41.172723,1392839175
20000370>_<1392838950,1012345,15,-8.587269,41.172723,1392839175,-8.586711,41.17392,1392839190
20000370>_<1392838950,1012345,16,-8.586711,41.17392,1392839190,-8.586234,41.174694,1392839205
20000370>_<1392838950,1012345,17,-8.586234,41.174694,1392839205,-8.586252,41.175873,1392839220
20000370>_<1392838950,1012345,18,-8.586252,41.175873,1392839220,-8.587764,41.176314,1392839235
20000370>_<1392838950,1012345,19,-8.587764,41.176314,1392839235,-8.587962,41.177115,1392839250
20000370>_<1392838950,1012345,20,-8.587962,41.177115,1392839250,-8.588709,41.177511,1392839265
20000370>_<1392838950,1012345,21,-8.588709,41.177511,1392839265,-8.591634,41.17716,1392839280
20000370>_<1392838950,1012345,22,-8.591634,41.17716,1392839280,-8.594208,41.176962,1392839295
20000370>_<1392838950,1012345,23,-8.594208,41.176962,1392839295,-8.596458,41.177079,1392839310
20000370>_<1392838950,1012345,24,-8.596458,41.177079,1392839310,-8.598573,41.177718,1392839325
20000370>_<1392838950,1012345,25,-8.598573,41.177718,1392839325,-8.598888,41.178708,1392839340
20000370>_<1392838950,1012345,26,-8.598888,41.178708,1392839340,-8.597898,41.180706,1392839355
20000370>_<1392838950,1012345,27,-8.597898,41.180706,1392839355,-8.597376,41.181795,1392839370
20000370>_<1392838950,1012345,28,-8.597376,41.181795,1392839370,-8.597376,41.181786,1392839385
20000370>_<1392838950,1012345,29,-8.597376,41.181786,1392839385,-8.597376,41.181786,1392839400
20000370>_<1392838950,1012345,30,-8.597376,41.181786,1392839400,-8.597385,41.181786,1392839415
20000370>_<1392838950,1012345,31,-8.597385,41.181786,1392839415,-8.597385,41.181795,1392839430
20000370>_<1392838950,1012345,32,-8.597385,41.181795,1392839430,-8.597385,41.181822,1392839445
20000370>_<1392838950,1012345,33,-8.597385,41.181822,1392839445,-8.597502,41.182362,1392839460
20000370>_<1392838950,1012345,34,-8.597502,41.182362,1392839460,-8.599509,41.182839,1392839475
20000370>_<1392838950,1012345,35,-8.599509,41.182839,1392839475,-8.599824,41.183109,1392839490
20000370>_<1392838950,1012345,36,-8.599824,41.183109,1392839490,-8.600958,41.183361,1392839505
20000370>_<1392838950,1012345,37,-8.600958,41.183361,1392839505,-8.602749,41.183712,1392839520
20000370>_<1392838950,1012345,38,-8.602749,41.183712,1392839520,-8.602839,41.183766,1392839535
20000370>_<1392838950,1012345,39,-8.602839,41.183766,1392839535,-8.60301,41.183784,1392839550
20000370>_<1392838950,1012345,40,-8.60301,41.183784,1392839550,-8.60265,41.183478,1392839565
20000370>_<1392838950,1012345,41,-8.60265,41.183478,1392839565,-8.601327,41.18301,1392839580
20000370>_<1392838950,1012345,42,-8.601327,41.18301,1392839580,-8.60121,41.182542,1392839595
20000370>_<1392838950,1012345,43,-8.60121,41.182542,1392839595,-8.601327,41.181894,1392839610
20000370>_<1392838950,1012345,44,-8.601327,41.181894,1392839610,-8.601318,41.181768,1392839625
20000370>_<1392838950,1012345,45,-8.601318,41.181768,1392839625,-8.601318,41.18175,1392839640
20000370>_<1392838950,1012345,46,-8.601318,41.18175,1392839640,-8.601318,41.181741,1392839655
20000370>_<1392838950,1012345,47,-8.601318,41.181741,1392839655,-8.601318,41.181732,1392839670
20000370>_<1392838950,1012345,48,-8.601318,41.181732,1392839670,-8.601318,41.181723,1392839685
20000370>_<1392838950,1012345,49,-8.601318,41.181723,1392839685,-8.601318,41.181732,1392839700
20000370>_<1392838950,1012345,50,-8.601318,41.181732,1392839700,-8.601318,41.181732,1392839715
20000370>_<1392838950,1012345,51,-8.601318,41.181732,1392839715,-8.601291,41.181714,1392839730
20000370>_<1392838950,1012345,52,-8.601291,41.181714,1392839730,-8.601282,41.181696,1392839745
20000370>_<1392838950,1012345,53,-8.601282,41.181696,1392839745,-8.601291,41.181705,1392839760
20000370>_<1392838950,1012345,54,-8.601291,41.181705,1392839760,-8.6013,41.181723,1392839775
20000370>_<1392838950,1012345,55,-8.6013,41.181723,1392839775,-8.6013,41.181741,1392839790
20000370>_<1392838950,1012345,56,-8.6013,41.181741,1392839790,-8.6013,41.181723,1392839805
20000370>_<1392838950,1012345,57,-8.6013,41.181723,1392839805,-8.601291,41.181732,1392839820
20000370>_<1392838950,1012345,58,-8.601291,41.181732,1392839820,-8.6013,41.181732,1392839835
20000370>_<1392838950,1012345,59,-8.6013,41.181732,1392839835,-8.6013,41.181732,1392839850
20000370>_<1392838950,1012345,60,-8.6013,41.181732,1392839850,-8.6013,41.181741,1392839865
20000370>_<1392838950,1012345,61,-8.6013,41.181741,1392839865,-8.601309,41.181786,1392839880
20000370>_<1392838950,1012345,62,-8.601309,41.181786,1392839880,-8.601309,41.181804,1392839895
20000370>_<1392838950,1012345,63,-8.601309,41.181804,1392839895,-8.601309,41.181858,1392839910
20000370>_<1392838950,1012345,64,-8.601309,41.181858,1392839910,-8.601309,41.181831,1392839925
20000370>_<1392838950,1012345,65,-8.601309,41.181831,1392839925,-8.6013,41.181795,1392839940
20000370>_<1392838950,1012345,66,-8.6013,41.181795,1392839940,-8.601318,41.181849,1392839955
20000370>_<1392838950,1012345,67,-8.601318,41.181849,1392839955,-8.601309,41.181822,1392839970
20000370>_<1392838950,1012345,68,-8.601309,41.181822,1392839970,-8.601318,41.181876,1392839985
20000370>_<1392838950,1012345,69,-8.601318,41.181876,1392839985,-8.6013,41.181804,1392840000
20000370>_<1392838950,1012345,70,-8.6013,41.181804,1392840000,-8.601282,41.181777,1392840015
20000370>_<1392838950,1012345,71,-8.601282,41.181777,1392840015,-8.601237,41.181777,1392840030
20000370>_<1392838950,1012345,72,-8.601237,41.181777,1392840030,-8.600922,41.182434,1392840045
20000370>_<1392838950,1012345,73,-8.600922,41.182434,1392840045,-8.601417,41.18274,1392840060
20000370>_<1392838950,1012345,74,-8.601417,41.18274,1392840060,-8.600814,41.182983,1392840075
20000370>_<1392838950,1012345,75,-8.600814,41.182983,1392840075,-8.600544,41.182911,1392840090
20000370>_<1392838950,1012345,76,-8.600544,41.182911,1392840090,-8.600535,41.182884,1392840105
20000370>_<1392838950,1012345,77,-8.600535,41.182884,1392840105,-8.599752,41.182641,1392840120
20000370>_<1392838950,1012345,78,-8.599752,41.182641,1392840120,-8.597691,41.182092,1392840135
20000370>_<1392838950,1012345,79,-8.597691,41.182092,1392840135,-8.597763,41.181003,1392840150
20000370>_<1392838950,1012345,80,-8.597763,41.181003,1392840150,-8.598699,41.179032,1392840165
20000370>_<1392838950,1012345,81,-8.598699,41.179032,1392840165,-8.599032,41.178384,1392840180
20000370>_<1392838950,1012345,82,-8.599032,41.178384,1392840180,-8.599302,41.177907,1392840195
20000370>_<1392838950,1012345,83,-8.599302,41.177907,1392840195,-8.599311,41.177907,1392840210
20000370>_<1392838950,1012345,84,-8.599311,41.177907,1392840210,-8.599248,41.177871,1392840225
20000370>_<1392838950,1012345,85,-8.599248,41.177871,1392840225,-8.598528,41.1777,1392840240
20000370>_<1392838950,1012345,86,-8.598528,41.1777,1392840240,-8.597556,41.177439,1392840255
20000370>_<1392838950,1012345,87,-8.597556,41.177439,1392840255,-8.597313,41.177385,1392840270
20000370>_<1392838950,1012345,88,-8.597313,41.177385,1392840270,-8.597313,41.177385,1392840285
20000370>_<1392838950,1012345,89,-8.597313,41.177385,1392840285,-8.597133,41.177331,1392840300
20000370>_<1392838950,1012345,90,-8.597133,41.177331,1392840300,-8.595216,41.176908,1392840315
20000370>_<1392838950,1012345,91,-8.595216,41.176908,1392840315,-8.593155,41.177043,1392840330
20000370>_<1392838950,1012345,92,-8.593155,41.177043,1392840330,-8.591625,41.17698,1392840345
20000370>_<1392838950,1012345,93,-8.591625,41.17698,1392840345,-8.590356,41.177268,1392840360
20000370>_<1392838950,1012345,94,-8.590356,41.177268,1392840360,-8.58852,41.177484,1392840375
20000370>_<1392838950,1012345,95,-8.58852,41.177484,1392840375,-8.587935,41.177106,1392840390
20000370>_<1392838950,1012345,96,-8.587935,41.177106,1392840390,-8.587494,41.176224,1392840405
20000370>_<1392838950,1012345,97,-8.587494,41.176224,1392840405,-8.586216,41.175909,1392840420
20000370>_<1392838950,1012345,98,-8.586216,41.175909,1392840420,-8.585919,41.175648,1392840435
20000370>_<1392838950,1012345,99,-8.585919,41.175648,1392840435,-8.586288,41.175018,1392840450
20000370>_<1392838950,1012345,100,-8.586288,41.175018,1392840450,-8.586666,41.17428,1392840465
20000370>_<1392838950,1012345,101,-8.586666,41.17428,1392840465,-8.587566,41.172453,1392840480
20000370>_<1392838950,1012345,102,-8.587566,41.172453,1392840480,-8.588844,41.170914,1392840495
20000370>_<1392838950,1012345,103,-8.588844,41.170914,1392840495,-8.58996,41.171508,1392840510
20000370>_<1392838950,1012345,104,-8.58996,41.171508,1392840510,-8.59032,41.171112,1392840525
20000370>_<1392838950,1012345,105,-8.59032,41.171112,1392840525,-8.590023,41.170824,1392840540
20000370>_<1392838950,1012345,106,-8.590023,41.170824,1392840540,-8.588808,41.170581,1392840555
20000370>_<1392838950,1012345,107,-8.588808,41.170581,1392840555,-8.588808,41.170707,1392840570
20000370>_<1392838950,1012345,108,-8.588808,41.170707,1392840570,-8.588799,41.170761,1392840585
20000370>_<1392838950,1012345,109,-8.588799,41.170761,1392840585,-8.588799,41.170824,1392840600
20000370>_<1392838950,1012345,110,-8.588799,41.170824,1392840600,-8.588808,41.170833,1392840615
20000229>_<1392995308,1022078,0,-8.620353,41.147145,1392995308,-8.62029,41.14638,1392995323
20000229>_<1392995308,1022078,1,-8.62029,41.14638,1392995323,-8.620209,41.146371,1392995338
20000229>_<1392995308,1022078,2,-8.620209,41.146371,1392995338,-8.619651,41.146083,1392995353
20000229>_<1392995308,1022078,3,-8.619651,41.146083,1392995353,-8.618454,41.145921,1392995368
20000229>_<1392995308,1022078,4,-8.618454,41.145921,1392995368,-8.61822,41.144832,1392995383
20000229>_<1392995308,1022078,5,-8.61822,41.144832,1392995383,-8.618301,41.143581,1392995398
20000229>_<1392995308,1022078,6,-8.618301,41.143581,1392995398,-8.61741,41.143041,1392995413
20000229>_<1392995308,1022078,7,-8.61741,41.143041,1392995413,-8.616708,41.142555,1392995428
20000229>_<1392995308,1022078,8,-8.616708,41.142555,1392995428,-8.615367,41.142654,1392995443
20000229>_<1392995308,1022078,9,-8.615367,41.142654,1392995443,-8.615205,41.142096,1392995458
20000229>_<1392995308,1022078,10,-8.615205,41.142096,1392995458,-8.615232,41.141196,1392995473
20000229>_<1392995308,1022078,11,-8.615232,41.141196,1392995473,-8.614944,41.140944,1392995488
20000229>_<1392995308,1022078,12,-8.614944,41.140944,1392995488,-8.614242,41.141205,1392995503
20000229>_<1392995308,1022078,13,-8.614242,41.141205,1392995503,-8.61354,41.14143,1392995518
20000229>_<1392995308,1022078,14,-8.61354,41.14143,1392995518,-8.612964,41.141556,1392995533
20000229>_<1392995308,1022078,15,-8.612964,41.141556,1392995533,-8.609679,41.140881,1392995548
20000229>_<1392995308,1022078,16,-8.609679,41.140881,1392995548,-8.607573,41.141268,1392995563
20000229>_<1392995308,1022078,17,-8.607573,41.141268,1392995563,-8.605026,41.141835,1392995578
20000229>_<1392995308,1022078,18,-8.605026,41.141835,1392995578,-8.602245,41.141943,1392995593
20000229>_<1392995308,1022078,19,-8.602245,41.141943,1392995593,-8.601264,41.142042,1392995608
20000229>_<1392995308,1022078,20,-8.601264,41.142042,1392995608,-8.600355,41.141997,1392995623
20000229>_<1392995308,1022078,21,-8.600355,41.141997,1392995623,-8.598609,41.141475,1392995638
20000229>_<1392995308,1022078,22,-8.598609,41.141475,1392995638,-8.596809,41.140539,1392995653
20000229>_<1392995308,1022078,23,-8.596809,41.140539,1392995653,-8.594667,41.139891,1392995668
20000229>_<1392995308,1022078,24,-8.594667,41.139891,1392995668,-8.592255,41.140089,1392995683
20000229>_<1392995308,1022078,25,-8.592255,41.140089,1392995683,-8.589699,41.140503,1392995698
20000229>_<1392995308,1022078,26,-8.589699,41.140503,1392995698,-8.587863,41.141817,1392995713
20000229>_<1392995308,1022078,27,-8.587863,41.141817,1392995713,-8.586423,41.143266,1392995728
20000229>_<1392995308,1022078,28,-8.586423,41.143266,1392995728,-8.58393,41.143653,1392995743
20000229>_<1392995308,1022078,29,-8.58393,41.143653,1392995743,-8.581446,41.143743,1392995758
20000229>_<1392995308,1022078,30,-8.581446,41.143743,1392995758,-8.57916,41.144238,1392995773
20000229>_<1392995308,1022078,31,-8.57916,41.144238,1392995773,-8.577801,41.144607,1392995788
20000229>_<1392995308,1022078,32,-8.577801,41.144607,1392995788,-8.578368,41.145471,1392995803
20000229>_<1392995308,1022078,33,-8.578368,41.145471,1392995803,-8.578836,41.145948,1392995818
20000229>_<1392995308,1022078,34,-8.578836,41.145948,1392995818,-8.580123,41.146884,1392995833
20000229>_<1392995308,1022078,35,-8.580123,41.146884,1392995833,-8.579016,41.148819,1392995848
20000229>_<1392995308,1022078,36,-8.579016,41.148819,1392995848,-8.579196,41.15124,1392995863
20000229>_<1392995308,1022078,37,-8.579196,41.15124,1392995863,-8.581725,41.153517,1392995878
20000229>_<1392995308,1022078,38,-8.581725,41.153517,1392995878,-8.583012,41.156406,1392995893
20000229>_<1392995308,1022078,39,-8.583012,41.156406,1392995893,-8.582049,41.159556,1392995908
20000229>_<1392995308,1022078,40,-8.582049,41.159556,1392995908,-8.580969,41.162688,1392995923
20000229>_<1392995308,1022078,41,-8.580969,41.162688,1392995923,-8.580078,41.164074,1392995938
20000229>_<1392995308,1022078,42,-8.580078,41.164074,1392995938,-8.57772,41.16546,1392995953
20000229>_<1392995308,1022078,43,-8.57772,41.16546,1392995953,-8.575479,41.167476,1392995968
20000229>_<1392995308,1022078,44,-8.575479,41.167476,1392995968,-8.573031,41.16906,1392995983
20000229>_<1392995308,1022078,45,-8.573031,41.16906,1392995983,-8.57043,41.168727,1392995998
20000229>_<1392995308,1022078,46,-8.57043,41.168727,1392995998,-8.570007,41.169897,1392996013
20000229>_<1392995308,1022078,47,-8.570007,41.169897,1392996013,-8.569035,41.169762,1392996028
20000229>_<1392995308,1022078,48,-8.569035,41.169762,1392996028,-8.56728,41.168844,1392996043
20000229>_<1392995308,1022078,49,-8.56728,41.168844,1392996043,-8.565579,41.168979,1392996058
20000229>_<1392995308,1022078,50,-8.565579,41.168979,1392996058,-8.564877,41.16771,1392996073
20000229>_<1392995308,1022078,51,-8.564877,41.16771,1392996073,-8.564481,41.167134,1392996088
20000229>_<1392995308,1022078,52,-8.564481,41.167134,1392996088,-8.562402,41.167917,1392996103
20000229>_<1392995308,1022078,53,-8.562402,41.167917,1392996103,-8.56098,41.168601,1392996118
20000229>_<1392995308,1022078,54,-8.56098,41.168601,1392996118,-8.560854,41.168709,1392996133
20000229>_<1392995308,1022078,55,-8.560854,41.168709,1392996133,-8.560863,41.1687,1392996148
20000229>_<1392995308,1022078,56,-8.560863,41.1687,1392996148,-8.560863,41.168664,1392996163
20000229>_<1392995308,1022078,57,-8.560863,41.168664,1392996163,-8.560845,41.168682,1392996178
20000229>_<1392995308,1022078,58,-8.560845,41.168682,1392996178,-8.560179,41.169366,1392996193
20000229>_<1392995308,1022078,59,-8.560179,41.169366,1392996193,-8.560341,41.170824,1392996208
20000229>_<1392995308,1022078,60,-8.560341,41.170824,1392996208,-8.558343,41.171643,1392996223
20000229>_<1392995308,1022078,61,-8.558343,41.171643,1392996223,-8.556921,41.172516,1392996238
20000229>_<1392995308,1022078,62,-8.556921,41.172516,1392996238,-8.555697,41.17329,1392996253
20000229>_<1392995308,1022078,63,-8.555697,41.17329,1392996253,-8.55549,41.173416,1392996268
20000229>_<1392995308,1022078,64,-8.55549,41.173416,1392996268,-8.554419,41.173605,1392996283
20000229>_<1392995308,1022078,65,-8.554419,41.173605,1392996283,-8.554257,41.173929,1392996298
20000229>_<1392995308,1022078,66,-8.554257,41.173929,1392996298,-8.554347,41.17401,1392996313
20000502>_<1393405206,1041553,0,-8.63775,41.160591,1393405206,-8.63775,41.1606,1393405221
20000502>_<1393405206,1041553,1,-8.63775,41.1606,1393405221,-8.637984,41.15997,1393405236
20000502>_<1393405206,1041553,2,-8.637984,41.15997,1393405236,-8.637993,41.159385,1393405251
20000502>_<1393405206,1041553,3,-8.637993,41.159385,1393405251,-8.636742,41.159187,1393405266
20000502>_<1393405206,1041553,4,-8.636742,41.159187,1393405266,-8.635446,41.158944,1393405281
20000502>_<1393405206,1041553,5,-8.635446,41.158944,1393405281,-8.634213,41.158746,1393405296
20000502>_<1393405206,1041553,6,-8.634213,41.158746,1393405296,-8.633277,41.158584,1393405311
20000502>_<1393405206,1041553,7,-8.633277,41.158584,1393405311,-8.632017,41.158386,1393405326
20000502>_<1393405206,1041553,8,-8.632017,41.158386,1393405326,-8.631999,41.158404,1393405341
20000502>_<1393405206,1041553,9,-8.631999,41.158404,1393405341,-8.631585,41.158323,1393405356
20000502>_<1393405206,1041553,10,-8.631585,41.158323,1393405356,-8.631477,41.158287,1393405371
20000502>_<1393405206,1041553,11,-8.631477,41.158287,1393405371,-8.631477,41.158278,1393405386
20000502>_<1393405206,1041553,12,-8.631477,41.158278,1393405386,-8.631468,41.158269,1393405401
20000502>_<1393405206,1041553,13,-8.631468,41.158269,1393405401,-8.631108,41.158188,1393405416
20000502>_<1393405206,1041553,14,-8.631108,41.158188,1393405416,-8.630937,41.158161,1393405431
20000502>_<1393405206,1041553,15,-8.630937,41.158161,1393405431,-8.630928,41.158152,1393405446
20000502>_<1393405206,1041553,16,-8.630928,41.158152,1393405446,-8.630937,41.158143,1393405461
20000502>_<1393405206,1041553,17,-8.630937,41.158143,1393405461,-8.630937,41.158152,1393405476
20000502>_<1393405206,1041553,18,-8.630937,41.158152,1393405476,-8.630334,41.157936,1393405491
20000502>_<1393405206,1041553,19,-8.630334,41.157936,1393405491,-8.629938,41.157144,1393405506
20000502>_<1393405206,1041553,20,-8.629938,41.157144,1393405506,-8.629839,41.157099,1393405521
20000502>_<1393405206,1041553,21,-8.629839,41.157099,1393405521,-8.62875,41.156964,1393405536
20000502>_<1393405206,1041553,22,-8.62875,41.156964,1393405536,-8.62857,41.156973,1393405551
20000502>_<1393405206,1041553,23,-8.62857,41.156973,1393405551,-8.627895,41.156091,1393405566
20000502>_<1393405206,1041553,24,-8.627895,41.156091,1393405566,-8.627616,41.155749,1393405581
20000502>_<1393405206,1041553,25,-8.627616,41.155749,1393405581,-8.626986,41.154948,1393405596
20000502>_<1393405206,1041553,26,-8.626986,41.154948,1393405596,-8.626662,41.154012,1393405611
20000502>_<1393405206,1041553,27,-8.626662,41.154012,1393405611,-8.626383,41.153157,1393405626
20000502>_<1393405206,1041553,28,-8.626383,41.153157,1393405626,-8.626383,41.153157,1393405641
20000502>_<1393405206,1041553,29,-8.626383,41.153157,1393405641,-8.626383,41.153166,1393405656
20000502>_<1393405206,1041553,30,-8.626383,41.153166,1393405656,-8.626392,41.153175,1393405671
20000502>_<1393405206,1041553,31,-8.626392,41.153175,1393405671,-8.626149,41.152419,1393405686
20000502>_<1393405206,1041553,32,-8.626149,41.152419,1393405686,-8.625933,41.150763,1393405701
20000502>_<1393405206,1041553,33,-8.625933,41.150763,1393405701,-8.625555,41.14908,1393405716
20000502>_<1393405206,1041553,34,-8.625555,41.14908,1393405716,-8.625474,41.148846,1393405731
20000502>_<1393405206,1041553,35,-8.625474,41.148846,1393405731,-8.625456,41.148828,1393405746
20000502>_<1393405206,1041553,36,-8.625456,41.148828,1393405746,-8.624394,41.148234,1393405761
20000502>_<1393405206,1041553,37,-8.624394,41.148234,1393405761,-8.622936,41.147802,1393405776
20000502>_<1393405206,1041553,38,-8.622936,41.147802,1393405776,-8.622729,41.147748,1393405791
20000502>_<1393405206,1041553,39,-8.622729,41.147748,1393405791,-8.622072,41.147586,1393405806
20000502>_<1393405206,1041553,40,-8.622072,41.147586,1393405806,-8.620821,41.14737,1393405821
20000502>_<1393405206,1041553,41,-8.620821,41.14737,1393405821,-8.620335,41.147001,1393405836
20000502>_<1393405206,1041553,42,-8.620335,41.147001,1393405836,-8.6202,41.146389,1393405851
20000502>_<1393405206,1041553,43,-8.6202,41.146389,1393405851,-8.620236,41.146371,1393405866
20000502>_<1393405206,1041553,44,-8.620236,41.146371,1393405866,-8.620236,41.146371,1393405881
20000502>_<1393405206,1041553,45,-8.620236,41.146371,1393405881,-8.620029,41.146083,1393405896
20000502>_<1393405206,1041553,46,-8.620029,41.146083,1393405896,-8.61804,41.146326,1393405911
20000502>_<1393405206,1041553,47,-8.61804,41.146326,1393405911,-8.617383,41.145246,1393405926
20000502>_<1393405206,1041553,48,-8.617383,41.145246,1393405926,-8.616141,41.145228,1393405941
20000502>_<1393405206,1041553,49,-8.616141,41.145228,1393405941,-8.614737,41.145813,1393405956
20000502>_<1393405206,1041553,50,-8.614737,41.145813,1393405956,-8.613216,41.145957,1393405971
20000502>_<1393405206,1041553,51,-8.613216,41.145957,1393405971,-8.612424,41.145993,1393405986
20000502>_<1393405206,1041553,52,-8.612424,41.145993,1393405986,-8.611452,41.146083,1393406001
20000502>_<1393405206,1041553,53,-8.611452,41.146083,1393406001,-8.611236,41.146236,1393406016
20000502>_<1393405206,1041553,54,-8.611236,41.146236,1393406016,-8.611227,41.146218,1393406031
20000502>_<1393405206,1041553,55,-8.611227,41.146218,1393406031,-8.611209,41.146209,1393406046
20000502>_<1393405206,1041553,56,-8.611209,41.146209,1393406046,-8.611218,41.146209,1393406061
20000681>_<1393499660,1051262,0,-8.600229,41.18274,1393499660,-8.60031,41.182776,1393499675
20000681>_<1393499660,1051262,1,-8.60031,41.182776,1393499675,-8.599653,41.182659,1393499690
20000681>_<1393499660,1051262,2,-8.599653,41.182659,1393499690,-8.598159,41.182281,1393499705
20000681>_<1393499660,1051262,3,-8.598159,41.182281,1393499705,-8.597574,41.182128,1393499720
20000681>_<1393499660,1051262,4,-8.597574,41.182128,1393499720,-8.597574,41.182137,1393499735
20000681>_<1393499660,1051262,5,-8.597574,41.182137,1393499735,-8.59752,41.182407,1393499750
20000681>_<1393499660,1051262,6,-8.59752,41.182407,1393499750,-8.599653,41.182992,1393499765
20000681>_<1393499660,1051262,7,-8.599653,41.182992,1393499765,-8.600121,41.183127,1393499780
20000681>_<1393499660,1051262,8,-8.600121,41.183127,1393499780,-8.600139,41.183136,1393499795
20000681>_<1393499660,1051262,9,-8.600139,41.183136,1393499795,-8.600832,41.183343,1393499810
20000681>_<1393499660,1051262,10,-8.600832,41.183343,1393499810,-8.603271,41.183874,1393499825
20000681>_<1393499660,1051262,11,-8.603271,41.183874,1393499825,-8.606088,41.184531,1393499840
20000681>_<1393499660,1051262,12,-8.606088,41.184531,1393499840,-8.609328,41.18463,1393499855
20000681>_<1393499660,1051262,13,-8.609328,41.18463,1393499855,-8.611893,41.183748,1393499870
20000681>_<1393499660,1051262,14,-8.611893,41.183748,1393499870,-8.613036,41.183361,1393499885
20000681>_<1393499660,1051262,15,-8.613036,41.183361,1393499885,-8.613036,41.183379,1393499900
20000681>_<1393499660,1051262,16,-8.613036,41.183379,1393499900,-8.613036,41.183397,1393499915
20000681>_<1393499660,1051262,17,-8.613036,41.183397,1393499915,-8.613036,41.183397,1393499930
20000681>_<1393499660,1051262,18,-8.613036,41.183397,1393499930,-8.613072,41.183388,1393499945
20000681>_<1393499660,1051262,19,-8.613072,41.183388,1393499945,-8.614557,41.183217,1393499960
20000681>_<1393499660,1051262,20,-8.614557,41.183217,1393499960,-8.617167,41.182938,1393499975
20000681>_<1393499660,1051262,21,-8.617167,41.182938,1393499975,-8.619453,41.181723,1393499990
20000681>_<1393499660,1051262,22,-8.619453,41.181723,1393499990,-8.622135,41.180589,1393500005
20000681>_<1393499660,1051262,23,-8.622135,41.180589,1393500005,-8.624898,41.180058,1393500020
20000681>_<1393499660,1051262,24,-8.624898,41.180058,1393500020,-8.627139,41.17986,1393500035
20000681>_<1393499660,1051262,25,-8.627139,41.17986,1393500035,-8.628327,41.179734,1393500050
20000681>_<1393499660,1051262,26,-8.628327,41.179734,1393500050,-8.628723,41.179707,1393500065
20000681>_<1393499660,1051262,27,-8.628723,41.179707,1393500065,-8.628768,41.179689,1393500080
20000681>_<1393499660,1051262,28,-8.628768,41.179689,1393500080,-8.628768,41.179698,1393500095
20000681>_<1393499660,1051262,29,-8.628768,41.179698,1393500095,-8.629173,41.179644,1393500110
20000681>_<1393499660,1051262,30,-8.629173,41.179644,1393500110,-8.630595,41.179509,1393500125
20000681>_<1393499660,1051262,31,-8.630595,41.179509,1393500125,-8.63271,41.179419,1393500140
20000681>_<1393499660,1051262,32,-8.63271,41.179419,1393500140,-8.634744,41.180526,1393500155
20000681>_<1393499660,1051262,33,-8.634744,41.180526,1393500155,-8.636508,41.181471,1393500170
20000681>_<1393499660,1051262,34,-8.636508,41.181471,1393500170,-8.638866,41.18283,1393500185
20000681>_<1393499660,1051262,35,-8.638866,41.18283,1393500185,-8.640918,41.183955,1393500200
20000681>_<1393499660,1051262,36,-8.640918,41.183955,1393500200,-8.64126,41.184144,1393500215
20000681>_<1393499660,1051262,37,-8.64126,41.184144,1393500215,-8.641386,41.184225,1393500230
20000681>_<1393499660,1051262,38,-8.641386,41.184225,1393500230,-8.641314,41.185062,1393500245
20000681>_<1393499660,1051262,39,-8.641314,41.185062,1393500245,-8.640648,41.186394,1393500260
20000681>_<1393499660,1051262,40,-8.640648,41.186394,1393500260,-8.641764,41.186988,1393500275
20000681>_<1393499660,1051262,41,-8.641764,41.186988,1393500275,-8.641413,41.188365,1393500290
20000681>_<1393499660,1051262,42,-8.641413,41.188365,1393500290,-8.641179,41.18922,1393500305
20000681>_<1393499660,1051262,43,-8.641179,41.18922,1393500305,-8.641854,41.189139,1393500320
20000681>_<1393499660,1051262,44,-8.641854,41.189139,1393500320,-8.643573,41.188824,1393500335
20000681>_<1393499660,1051262,45,-8.643573,41.188824,1393500335,-8.644707,41.188059,1393500350
20000681>_<1393499660,1051262,46,-8.644707,41.188059,1393500350,-8.646228,41.188167,1393500365
20000681>_<1393499660,1051262,47,-8.646228,41.188167,1393500365,-8.647461,41.188329,1393500380
20000681>_<1393499660,1051262,48,-8.647461,41.188329,1393500380,-8.648415,41.1885,1393500395
20000681>_<1393499660,1051262,49,-8.648415,41.1885,1393500395,-8.648721,41.188572,1393500410
20000681>_<1393499660,1051262,50,-8.648721,41.188572,1393500410,-8.648748,41.188554,1393500425
20000681>_<1393499660,1051262,51,-8.648748,41.188554,1393500425,-8.648775,41.188518,1393500440
20000681>_<1393499660,1051262,52,-8.648775,41.188518,1393500440,-8.648775,41.188518,1393500455
20000398>_<1393725653,1061015,0,-8.658954,41.155929,1393725653,-8.657955,41.154804,1393725668
20000398>_<1393725653,1061015,1,-8.657955,41.154804,1393725668,-8.658792,41.153571,1393725683
20000398>_<1393725653,1061015,2,-8.658792,41.153571,1393725683,-8.66106,41.152896,1393725698
20000398>_<1393725653,1061015,3,-8.66106,41.152896,1393725698,-8.662662,41.152635,1393725713
20000398>_<1393725653,1061015,4,-8.662662,41.152635,1393725713,-8.66259,41.151276,1393725728
20000398>_<1393725653,1061015,5,-8.66259,41.151276,1393725728,-8.662455,41.150583,1393725743
20000398>_<1393725653,1061015,6,-8.662455,41.150583,1393725743,-8.660826,41.150421,1393725758
20000398>_<1393725653,1061015,7,-8.660826,41.150421,1393725758,-8.660052,41.148666,1393725773
20000398>_<1393725653,1061015,8,-8.660052,41.148666,1393725773,-8.657721,41.148036,1393725788
20000398>_<1393725653,1061015,9,-8.657721,41.148036,1393725788,-8.655615,41.148711,1393725803
20000398>_<1393725653,1061015,10,-8.655615,41.148711,1393725803,-8.654004,41.148936,1393725818
20000398>_<1393725653,1061015,11,-8.654004,41.148936,1393725818,-8.654004,41.148774,1393725833
20000398>_<1393725653,1061015,12,-8.654004,41.148774,1393725833,-8.653986,41.148801,1393725848
20000398>_<1393725653,1061015,13,-8.653986,41.148801,1393725848,-8.653986,41.148819,1393725863
20000398>_<1393725653,1061015,14,-8.653986,41.148819,1393725863,-8.653977,41.14881,1393725878
20000398>_<1393725653,1061015,15,-8.653977,41.14881,1393725878,-8.654121,41.148504,1393725893
20000398>_<1393725653,1061015,16,-8.654121,41.148504,1393725893,-8.653392,41.148324,1393725908
20000398>_<1393725653,1061015,17,-8.653392,41.148324,1393725908,-8.652978,41.14827,1393725923
20000398>_<1393725653,1061015,18,-8.652978,41.14827,1393725923,-8.650233,41.147928,1393725938
20000398>_<1393725653,1061015,19,-8.650233,41.147928,1393725938,-8.648649,41.148153,1393725953
20000398>_<1393725653,1061015,20,-8.648649,41.148153,1393725953,-8.648559,41.148198,1393725968
20000398>_<1393725653,1061015,21,-8.648559,41.148198,1393725968,-8.648559,41.148189,1393725983
20000398>_<1393725653,1061015,22,-8.648559,41.148189,1393725983,-8.648568,41.14818,1393725998
20000288>_<1396346501,1187716,0,-8.585631,41.148522,1396346501,-8.585613,41.148558,1396346516
20000288>_<1396346501,1187716,1,-8.585613,41.148558,1396346516,-8.585667,41.14881,1396346531
20000288>_<1396346501,1187716,2,-8.585667,41.14881,1396346531,-8.585739,41.148954,1396346546
20000288>_<1396346501,1187716,3,-8.585739,41.148954,1396346546,-8.585883,41.148963,1396346561
20000288>_<1396346501,1187716,4,-8.585883,41.148963,1396346561,-8.58609,41.148972,1396346576
20000288>_<1396346501,1187716,5,-8.58609,41.148972,1396346576,-8.586648,41.14899,1396346591
20000288>_<1396346501,1187716,6,-8.586648,41.14899,1396346591,-8.587782,41.149305,1396346606
20000288>_<1396346501,1187716,7,-8.587782,41.149305,1396346606,-8.588457,41.148432,1396346621
20000288>_<1396346501,1187716,8,-8.588457,41.148432,1396346621,-8.588664,41.147928,1396346636
20000288>_<1396346501,1187716,9,-8.588664,41.147928,1396346636,-8.588925,41.14746,1396346651
20000288>_<1396346501,1187716,10,-8.588925,41.14746,1396346651,-8.58879,41.14719,1396346666
20000288>_<1396346501,1187716,11,-8.58879,41.14719,1396346666,-8.588169,41.147244,1396346681
20000288>_<1396346501,1187716,12,-8.588169,41.147244,1396346681,-8.587269,41.147325,1396346696
20000288>_<1396346501,1187716,13,-8.587269,41.147325,1396346696,-8.58645,41.147064,1396346711
20000288>_<1396346501,1187716,14,-8.58645,41.147064,1396346711,-8.585046,41.146623,1396346726
20000288>_<1396346501,1187716,15,-8.585046,41.146623,1396346726,-8.583768,41.145777,1396346741
20000288>_<1396346501,1187716,16,-8.583768,41.145777,1396346741,-8.582643,41.144895,1396346756
20000288>_<1396346501,1187716,17,-8.582643,41.144895,1396346756,-8.580465,41.145129,1396346771
20000288>_<1396346501,1187716,18,-8.580465,41.145129,1396346771,-8.579493,41.145858,1396346786
20000288>_<1396346501,1187716,19,-8.579493,41.145858,1396346786,-8.578971,41.146038,1396346801
20000288>_<1396346501,1187716,20,-8.578971,41.146038,1396346801,-8.580096,41.146767,1396346816
20000288>_<1396346501,1187716,21,-8.580096,41.146767,1396346816,-8.579331,41.14836,1396346831
20000288>_<1396346501,1187716,22,-8.579331,41.14836,1396346831,-8.578917,41.150799,1396346846
20000288>_<1396346501,1187716,23,-8.578917,41.150799,1396346846,-8.581509,41.153193,1396346861
20000288>_<1396346501,1187716,24,-8.581509,41.153193,1396346861,-8.583111,41.156154,1396346876
20000288>_<1396346501,1187716,25,-8.583111,41.156154,1396346876,-8.582076,41.159835,1396346891
20000288>_<1396346501,1187716,26,-8.582076,41.159835,1396346891,-8.581293,41.163399,1396346906
20000288>_<1396346501,1187716,27,-8.581293,41.163399,1396346906,-8.583552,41.166405,1396346921
20000288>_<1396346501,1187716,28,-8.583552,41.166405,1396346921,-8.587728,41.167521,1396346936
20000288>_<1396346501,1187716,29,-8.587728,41.167521,1396346936,-8.591589,41.169807,1396346951
20000288>_<1396346501,1187716,30,-8.591589,41.169807,1396346951,-8.59527,41.171886,1396346966
20000288>_<1396346501,1187716,31,-8.59527,41.171886,1396346966,-8.599545,41.171355,1396346981
20000288>_<1396346501,1187716,32,-8.599545,41.171355,1396346981,-8.604594,41.171661,1396346996
20000288>_<1396346501,1187716,33,-8.604594,41.171661,1396346996,-8.608833,41.173821,1396347011
20000288>_<1396346501,1187716,34,-8.608833,41.173821,1396347011,-8.613612,41.17455,1396347026
20000288>_<1396346501,1187716,35,-8.613612,41.17455,1396347026,-8.618256,41.173857,1396347041
20000288>_<1396346501,1187716,36,-8.618256,41.173857,1396347041,-8.622504,41.173407,1396347056
20000288>_<1396346501,1187716,37,-8.622504,41.173407,1396347056,-8.627013,41.172957,1396347071
20000288>_<1396346501,1187716,38,-8.627013,41.172957,1396347071,-8.631549,41.172156,1396347086
20000288>_<1396346501,1187716,39,-8.631549,41.172156,1396347086,-8.635824,41.171184,1396347101
20000288>_<1396346501,1187716,40,-8.635824,41.171184,1396347101,-8.639775,41.169015,1396347116
20000288>_<1396346501,1187716,41,-8.639775,41.169015,1396347116,-8.642511,41.167116,1396347131
20000288>_<1396346501,1187716,42,-8.642511,41.167116,1396347131,-8.643258,41.167629,1396347146
20000288>_<1396346501,1187716,43,-8.643258,41.167629,1396347146,-8.641134,41.166279,1396347161
20000288>_<1396346501,1187716,44,-8.641134,41.166279,1396347161,-8.638578,41.164659,1396347176
20000288>_<1396346501,1187716,45,-8.638578,41.164659,1396347176,-8.636841,41.164425,1396347191
20000288>_<1396346501,1187716,46,-8.636841,41.164425,1396347191,-8.635095,41.163876,1396347206
20000288>_<1396346501,1187716,47,-8.635095,41.163876,1396347206,-8.633556,41.163237,1396347221
20000288>_<1396346501,1187716,48,-8.633556,41.163237,1396347221,-8.632836,41.162436,1396347236
20000288>_<1396346501,1187716,49,-8.632836,41.162436,1396347236,-8.632773,41.162544,1396347251
20000288>_<1396346501,1187716,50,-8.632773,41.162544,1396347251,-8.632287,41.16204,1396347266
20000288>_<1396346501,1187716,51,-8.632287,41.16204,1396347266,-8.631477,41.161023,1396347281
20000288>_<1396346501,1187716,52,-8.631477,41.161023,1396347281,-8.630532,41.159826,1396347296
20000288>_<1396346501,1187716,53,-8.630532,41.159826,1396347296,-8.6301,41.159061,1396347311
20000288>_<1396346501,1187716,54,-8.6301,41.159061,1396347311,-8.630109,41.158971,1396347326
20000288>_<1396346501,1187716,55,-8.630109,41.158971,1396347326,-8.630019,41.158611,1396347341
20000288>_<1396346501,1187716,56,-8.630019,41.158611,1396347341,-8.630262,41.158143,1396347356
20000288>_<1396346501,1187716,57,-8.630262,41.158143,1396347356,-8.62992,41.157234,1396347371
20000288>_<1396346501,1187716,58,-8.62992,41.157234,1396347371,-8.62947,41.156775,1396347386
20000288>_<1396346501,1187716,59,-8.62947,41.156775,1396347386,-8.629677,41.156082,1396347401
20000288>_<1396346501,1187716,60,-8.629677,41.156082,1396347401,-8.629686,41.156046,1396347416
20000288>_<1396346501,1187716,61,-8.629686,41.156046,1396347416,-8.629704,41.156019,1396347431
20000288>_<1396346501,1187716,62,-8.629704,41.156019,1396347431,-8.629722,41.156037,1396347446
20000288>_<1396346501,1187716,63,-8.629722,41.156037,1396347446,-8.629722,41.156055,1396347461
20000189>_<1397490604,1246117,0,-8.66439,41.152275,1397490604,-8.664552,41.152428,1397490619
20000189>_<1397490604,1246117,1,-8.664552,41.152428,1397490619,-8.664579,41.152464,1397490634
20000189>_<1397490604,1246117,2,-8.664579,41.152464,1397490634,-8.664471,41.152347,1397490649
20000189>_<1397490604,1246117,3,-8.664471,41.152347,1397490649,-8.664345,41.152221,1397490664
20000189>_<1397490604,1246117,4,-8.664345,41.152221,1397490664,-8.66439,41.152149,1397490679
20000189>_<1397490604,1246117,5,-8.66439,41.152149,1397490679,-8.664795,41.151699,1397490694
20000189>_<1397490604,1246117,6,-8.664795,41.151699,1397490694,-8.664543,41.152491,1397490709
20000189>_<1397490604,1246117,7,-8.664543,41.152491,1397490709,-8.662365,41.152734,1397490724
20000189>_<1397490604,1246117,8,-8.662365,41.152734,1397490724,-8.661969,41.15349,1397490739
20000189>_<1397490604,1246117,9,-8.661969,41.15349,1397490739,-8.663004,41.155092,1397490754
20000189>_<1397490604,1246117,10,-8.663004,41.155092,1397490754,-8.66403,41.156577,1397490769
20000189>_<1397490604,1246117,11,-8.66403,41.156577,1397490769,-8.66484,41.157846,1397490784
20000189>_<1397490604,1246117,12,-8.66484,41.157846,1397490784,-8.664795,41.158278,1397490799
20000189>_<1397490604,1246117,13,-8.664795,41.158278,1397490799,-8.66529,41.158566,1397490814
20000189>_<1397490604,1246117,14,-8.66529,41.158566,1397490814,-8.665902,41.15943,1397490829
20000189>_<1397490604,1246117,15,-8.665902,41.15943,1397490829,-8.666721,41.160528,1397490844
20000189>_<1397490604,1246117,16,-8.666721,41.160528,1397490844,-8.667162,41.161203,1397490859
20000189>_<1397490604,1246117,17,-8.667162,41.161203,1397490859,-8.667423,41.161338,1397490874
20000189>_<1397490604,1246117,18,-8.667423,41.161338,1397490874,-8.669304,41.161077,1397490889
20000189>_<1397490604,1246117,19,-8.669304,41.161077,1397490889,-8.671014,41.161608,1397490904
20000189>_<1397490604,1246117,20,-8.671014,41.161608,1397490904,-8.672184,41.162526,1397490919
20000189>_<1397490604,1246117,21,-8.672184,41.162526,1397490919,-8.672688,41.163489,1397490934
20000189>_<1397490604,1246117,22,-8.672688,41.163489,1397490934,-8.674209,41.164254,1397490949
20000189>_<1397490604,1246117,23,-8.674209,41.164254,1397490949,-8.675082,41.16411,1397490964
20000189>_<1397490604,1246117,24,-8.675082,41.16411,1397490964,-8.675082,41.163957,1397490979
20000189>_<1397490604,1246117,25,-8.675082,41.163957,1397490979,-8.675037,41.163921,1397490994
20000189>_<1397490604,1246117,26,-8.675037,41.163921,1397490994,-8.675064,41.163984,1397491009
20000189>_<1397490604,1246117,27,-8.675064,41.163984,1397491009,-8.6751,41.163993,1397491024
20000189>_<1397490604,1246117,28,-8.6751,41.163993,1397491024,-8.675136,41.163993,1397491039
20000189>_<1397490604,1246117,29,-8.675136,41.163993,1397491039,-8.675127,41.163993,1397491054
20000189>_<1397490604,1246117,30,-8.675127,41.163993,1397491054,-8.6751,41.163993,1397491069
20000189>_<1397490604,1246117,31,-8.6751,41.163993,1397491069,-8.675091,41.164011,1397491084
20000684>_<1397865183,1265618,0,-8.585631,41.148594,1397865183,-8.585694,41.148936,1397865198
20000684>_<1397865183,1265618,1,-8.585694,41.148936,1397865198,-8.586936,41.149053,1397865213
20000684>_<1397865183,1265618,2,-8.586936,41.149053,1397865213,-8.588871,41.149611,1397865228
20000684>_<1397865183,1265618,3,-8.588871,41.149611,1397865228,-8.59104,41.150169,1397865243
20000684>_<1397865183,1265618,4,-8.59104,41.150169,1397865243,-8.593056,41.1507,1397865258
20000684>_<1397865183,1265618,5,-8.593056,41.1507,1397865258,-8.593362,41.150916,1397865273
20000684>_<1397865183,1265618,6,-8.593362,41.150916,1397865273,-8.594028,41.150961,1397865288
20000684>_<1397865183,1265618,7,-8.594028,41.150961,1397865288,-8.594091,41.150943,1397865303
20000684>_<1397865183,1265618,8,-8.594091,41.150943,1397865303,-8.59455,41.151987,1397865318
20000684>_<1397865183,1265618,9,-8.59455,41.151987,1397865318,-8.595135,41.153823,1397865333
20000684>_<1397865183,1265618,10,-8.595135,41.153823,1397865333,-8.595576,41.154588,1397865348
20000684>_<1397865183,1265618,11,-8.595576,41.154588,1397865348,-8.596665,41.15277,1397865363
20000684>_<1397865183,1265618,12,-8.596665,41.15277,1397865363,-8.59779,41.150889,1397865378
20000684>_<1397865183,1265618,13,-8.59779,41.150889,1397865378,-8.597907,41.150673,1397865393
20000684>_<1397865183,1265618,14,-8.597907,41.150673,1397865393,-8.597952,41.150655,1397865408
20000684>_<1397865183,1265618,15,-8.597952,41.150655,1397865408,-8.597916,41.150709,1397865423
20000684>_<1397865183,1265618,16,-8.597916,41.150709,1397865423,-8.597907,41.150727,1397865438
20000108>_<1398702809,1304681,0,-8.654742,41.17356,1398702809,-8.654778,41.173515,1398702824
20000108>_<1398702809,1304681,1,-8.654778,41.173515,1398702824,-8.654895,41.173416,1398702839
20000108>_<1398702809,1304681,2,-8.654895,41.173416,1398702839,-8.654949,41.173416,1398702854
20000108>_<1398702809,1304681,3,-8.654949,41.173416,1398702854,-8.654958,41.173416,1398702869
20000108>_<1398702809,1304681,4,-8.654958,41.173416,1398702869,-8.65512,41.172975,1398702884
20000108>_<1398702809,1304681,5,-8.65512,41.172975,1398702884,-8.655831,41.172084,1398702899
20000108>_<1398702809,1304681,6,-8.655831,41.172084,1398702899,-8.656812,41.171067,1398702914
20000108>_<1398702809,1304681,7,-8.656812,41.171067,1398702914,-8.658153,41.171823,1398702929
20000108>_<1398702809,1304681,8,-8.658153,41.171823,1398702929,-8.659935,41.173353,1398702944
20000108>_<1398702809,1304681,9,-8.659935,41.173353,1398702944,-8.660547,41.1741,1398702959
20000108>_<1398702809,1304681,10,-8.660547,41.1741,1398702959,-8.660826,41.175378,1398702974
20000108>_<1398702809,1304681,11,-8.660826,41.175378,1398702974,-8.661879,41.176656,1398702989
20000108>_<1398702809,1304681,12,-8.661879,41.176656,1398702989,-8.661096,41.176899,1398703004
20000108>_<1398702809,1304681,13,-8.661096,41.176899,1398703004,-8.660646,41.176953,1398703019
20000108>_<1398702809,1304681,14,-8.660646,41.176953,1398703019,-8.660223,41.177016,1398703034
20000108>_<1398702809,1304681,15,-8.660223,41.177016,1398703034,-8.660025,41.177007,1398703049
20000108>_<1398702809,1304681,16,-8.660025,41.177007,1398703049,-8.659053,41.177196,1398703064
20000108>_<1398702809,1304681,17,-8.659053,41.177196,1398703064,-8.658207,41.177313,1398703079
20000108>_<1398702809,1304681,18,-8.658207,41.177313,1398703079,-8.658036,41.177322,1398703094
20000108>_<1398702809,1304681,19,-8.658036,41.177322,1398703094,-8.657964,41.177331,1398703109
20000108>_<1398702809,1304681,20,-8.657964,41.177331,1398703109,-8.657838,41.177331,1398703124
20000108>_<1398702809,1304681,21,-8.657838,41.177331,1398703124,-8.657748,41.17734,1398703139
20000108>_<1398702809,1304681,22,-8.657748,41.17734,1398703139,-8.656974,41.177538,1398703154
20000108>_<1398702809,1304681,23,-8.656974,41.177538,1398703154,-8.656893,41.177565,1398703169
20000108>_<1398702809,1304681,24,-8.656893,41.177565,1398703169,-8.65674,41.17761,1398703184
20000108>_<1398702809,1304681,25,-8.65674,41.17761,1398703184,-8.656668,41.177619,1398703199
20000108>_<1398702809,1304681,26,-8.656668,41.177619,1398703199,-8.656632,41.177628,1398703214
20000108>_<1398702809,1304681,27,-8.656632,41.177628,1398703214,-8.656497,41.177637,1398703229
20000108>_<1398702809,1304681,28,-8.656497,41.177637,1398703229,-8.656488,41.177637,1398703244
20000108>_<1398702809,1304681,29,-8.656488,41.177637,1398703244,-8.656425,41.177646,1398703259
20000108>_<1398702809,1304681,30,-8.656425,41.177646,1398703259,-8.656128,41.177718,1398703274
20000108>_<1398702809,1304681,31,-8.656128,41.177718,1398703274,-8.655066,41.177448,1398703289
20000108>_<1398702809,1304681,32,-8.655066,41.177448,1398703289,-8.653842,41.176431,1398703304
20000108>_<1398702809,1304681,33,-8.653842,41.176431,1398703304,-8.653509,41.176206,1398703319
20000108>_<1398702809,1304681,34,-8.653509,41.176206,1398703319,-8.653221,41.17599,1398703334
20000108>_<1398702809,1304681,35,-8.653221,41.17599,1398703334,-8.65296,41.17581,1398703349
20000108>_<1398702809,1304681,36,-8.65296,41.17581,1398703349,-8.652897,41.175765,1398703364
20000108>_<1398702809,1304681,37,-8.652897,41.175765,1398703364,-8.652447,41.175405,1398703379
20000108>_<1398702809,1304681,38,-8.652447,41.175405,1398703379,-8.651601,41.174748,1398703394
20000108>_<1398702809,1304681,39,-8.651601,41.174748,1398703394,-8.650746,41.174001,1398703409
20000108>_<1398702809,1304681,40,-8.650746,41.174001,1398703409,-8.649558,41.173074,1398703424
20000108>_<1398702809,1304681,41,-8.649558,41.173074,1398703424,-8.648703,41.17239,1398703439
20000108>_<1398702809,1304681,42,-8.648703,41.17239,1398703439,-8.647704,41.17158,1398703454
20000108>_<1398702809,1304681,43,-8.647704,41.17158,1398703454,-8.646714,41.170761,1398703469
20000108>_<1398702809,1304681,44,-8.646714,41.170761,1398703469,-8.645238,41.169564,1398703484
20000108>_<1398702809,1304681,45,-8.645238,41.169564,1398703484,-8.644563,41.169033,1398703499
20000108>_<1398702809,1304681,46,-8.644563,41.169033,1398703499,-8.643915,41.168466,1398703514
20000108>_<1398702809,1304681,47,-8.643915,41.168466,1398703514,-8.643726,41.167566,1398703529
20000108>_<1398702809,1304681,48,-8.643726,41.167566,1398703529,-8.643348,41.166981,1398703544
20000108>_<1398702809,1304681,49,-8.643348,41.166981,1398703544,-8.64216,41.166126,1398703559
20000108>_<1398702809,1304681,50,-8.64216,41.166126,1398703559,-8.640513,41.167638,1398703574
20000108>_<1398702809,1304681,51,-8.640513,41.167638,1398703574,-8.640072,41.16852,1398703589
20000108>_<1398702809,1304681,52,-8.640072,41.16852,1398703589,-8.63856,41.169753,1398703604
20000108>_<1398702809,1304681,53,-8.63856,41.169753,1398703604,-8.635797,41.171139,1398703619
20000108>_<1398702809,1304681,54,-8.635797,41.171139,1398703619,-8.631855,41.172003,1398703634
20000108>_<1398702809,1304681,55,-8.631855,41.172003,1398703634,-8.627796,41.172849,1398703649
20000108>_<1398702809,1304681,56,-8.627796,41.172849,1398703649,-8.623494,41.173299,1398703664
20000108>_<1398702809,1304681,57,-8.623494,41.173299,1398703664,-8.619021,41.173749,1398703679
20000108>_<1398702809,1304681,58,-8.619021,41.173749,1398703679,-8.614674,41.174307,1398703694
20000108>_<1398702809,1304681,59,-8.614674,41.174307,1398703694,-8.610381,41.174289,1398703709
20000108>_<1398702809,1304681,60,-8.610381,41.174289,1398703709,-8.606709,41.172435,1398703724
20000108>_<1398702809,1304681,61,-8.606709,41.172435,1398703724,-8.602425,41.17131,1398703739
20000108>_<1398702809,1304681,62,-8.602425,41.17131,1398703739,-8.598474,41.171274,1398703754
20000108>_<1398702809,1304681,63,-8.598474,41.171274,1398703754,-8.596161,41.170977,1398703769
20000108>_<1398702809,1304681,64,-8.596161,41.170977,1398703769,-8.594721,41.173173,1398703784
20000108>_<1398702809,1304681,65,-8.594721,41.173173,1398703784,-8.593371,41.176854,1398703799
20000108>_<1398702809,1304681,66,-8.593371,41.176854,1398703799,-8.59293,41.180958,1398703814
20000108>_<1398702809,1304681,67,-8.59293,41.180958,1398703814,-8.593812,41.184855,1398703829
20000108>_<1398702809,1304681,68,-8.593812,41.184855,1398703829,-8.594739,41.188752,1398703844
20000108>_<1398702809,1304681,69,-8.594739,41.188752,1398703844,-8.59239,41.191965,1398703859
20000108>_<1398702809,1304681,70,-8.59239,41.191965,1398703859,-8.590824,41.19444,1398703874
20000108>_<1398702809,1304681,71,-8.590824,41.19444,1398703874,-8.588079,41.195808,1398703889
20000108>_<1398702809,1304681,72,-8.588079,41.195808,1398703889,-8.585955,41.197932,1398703904
20000108>_<1398702809,1304681,73,-8.585955,41.197932,1398703904,-8.584308,41.198454,1398703919
20000108>_<1398702809,1304681,74,-8.584308,41.198454,1398703919,-8.582976,41.198832,1398703934
20000108>_<1398702809,1304681,75,-8.582976,41.198832,1398703934,-8.582022,41.199039,1398703949
20000108>_<1398702809,1304681,76,-8.582022,41.199039,1398703949,-8.581374,41.199129,1398703964
20000108>_<1398702809,1304681,77,-8.581374,41.199129,1398703964,-8.580582,41.199129,1398703979
20000108>_<1398702809,1304681,78,-8.580582,41.199129,1398703979,-8.574741,41.198589,1398703994
20000108>_<1398702809,1304681,79,-8.574741,41.198589,1398703994,-8.571564,41.198616,1398704009
20000108>_<1398702809,1304681,80,-8.571564,41.198616,1398704009,-8.568999,41.199426,1398704024
20000108>_<1398702809,1304681,81,-8.568999,41.199426,1398704024,-8.566947,41.200461,1398704039
20000108>_<1398702809,1304681,82,-8.566947,41.200461,1398704039,-8.56413,41.201406,1398704054
20000108>_<1398702809,1304681,83,-8.56413,41.201406,1398704054,-8.560944,41.201577,1398704069
20000108>_<1398702809,1304681,84,-8.560944,41.201577,1398704069,-8.558352,41.201226,1398704084
20000108>_<1398702809,1304681,85,-8.558352,41.201226,1398704084,-8.55702,41.20101,1398704099
20000108>_<1398702809,1304681,86,-8.55702,41.20101,1398704099,-8.556615,41.200974,1398704114
20000108>_<1398702809,1304681,87,-8.556615,41.200974,1398704114,-8.554959,41.20074,1398704129
20000108>_<1398702809,1304681,88,-8.554959,41.20074,1398704129,-8.554167,41.200146,1398704144
20000108>_<1398702809,1304681,89,-8.554167,41.200146,1398704144,-8.553294,41.200767,1398704159
20000108>_<1398702809,1304681,90,-8.553294,41.200767,1398704159,-8.553357,41.201577,1398704174
20000108>_<1398702809,1304681,91,-8.553357,41.201577,1398704174,-8.55243,41.202315,1398704189
20000108>_<1398702809,1304681,92,-8.55243,41.202315,1398704189,-8.551071,41.203053,1398704204
20000108>_<1398702809,1304681,93,-8.551071,41.203053,1398704204,-8.549028,41.204007,1398704219
20000108>_<1398702809,1304681,94,-8.549028,41.204007,1398704219,-8.548641,41.204304,1398704234
20000108>_<1398702809,1304681,95,-8.548641,41.204304,1398704234,-8.548299,41.2047,1398704249
20000108>_<1398702809,1304681,96,-8.548299,41.2047,1398704249,-8.54802,41.205204,1398704264
20000108>_<1398702809,1304681,97,-8.54802,41.205204,1398704264,-8.549406,41.205015,1398704279
20000108>_<1398702809,1304681,98,-8.549406,41.205015,1398704279,-8.551188,41.204799,1398704294
20000108>_<1398702809,1304681,99,-8.551188,41.204799,1398704294,-8.552979,41.204601,1398704309
20000108>_<1398702809,1304681,100,-8.552979,41.204601,1398704309,-8.553645,41.204538,1398704324
20000108>_<1398702809,1304681,101,-8.553645,41.204538,1398704324,-8.553762,41.20452,1398704339
20000108>_<1398702809,1304681,102,-8.553762,41.20452,1398704339,-8.554545,41.204439,1398704354
20000108>_<1398702809,1304681,103,-8.554545,41.204439,1398704354,-8.554545,41.204421,1398704369
20000108>_<1398702809,1304681,104,-8.554545,41.204421,1398704369,-8.554518,41.204421,1398704384
