345030012>_<1549497121,13316,1,323000,1,-92.7379,19.01226,1549497121,-92.63081,19.12763,1549501342
345030012>_<1549497121,13316,2,323000,2,-92.63081,19.12763,1549501342,-92.62897,19.12948,1549501411
345030012>_<1549497121,13316,3,323000,3,-92.62897,19.12948,1549501411,-92.62588,19.13259,1549501531
345030012>_<1549497121,13316,4,323000,4,-92.62588,19.13259,1549501531,-92.62168,19.13675,1549501690
345030012>_<1549497121,13316,5,323000,5,-92.62168,19.13675,1549501690,-92.61807,19.14042,1549501831
345030012>_<1549497121,13316,6,323000,6,-92.61807,19.14042,1549501831,-92.61548,19.143,1549501930
345030012>_<1549497121,13316,7,323000,7,-92.61548,19.143,1549501930,-92.61234,19.1461,1549502050
345030012>_<1549497121,13316,8,323000,8,-92.61234,19.1461,1549502050,-92.59799,19.16014,1549502600
345030012>_<1549497121,13316,9,323000,9,-92.59799,19.16014,1549502600,-92.59487,19.16315,1549502720
345030012>_<1549497121,13316,10,323000,10,-92.59487,19.16315,1549502720,-92.59173,19.16625,1549502840
345030012>_<1549497121,13316,11,323000,11,-92.59173,19.16625,1549502840,-92.47989,19.28547,1549507330
345030012>_<1549497121,13316,12,323000,12,-92.47989,19.28547,1549507330,-92.47427,19.29138,1549507551
345030012>_<1549497121,13316,13,323000,13,-92.47427,19.29138,1549507551,-92.47225,19.29348,1549507630
345030012>_<1549497121,13316,14,323000,14,-92.47225,19.29348,1549507630,-92.46095,19.30513,1549508070
345030012>_<1549497121,13316,15,323000,15,-92.46095,19.30513,1549508070,-92.42518,19.34122,1549509441
345030012>_<1549497121,13316,16,323000,16,-92.42518,19.34122,1549509441,-92.42311,19.34328,1549509520
345030012>_<1549497121,13316,17,323000,17,-92.42311,19.34328,1549509520,-92.42126,19.34513,1549509591
345030012>_<1549497121,13316,18,323000,18,-92.42126,19.34513,1549509591,-92.41278,19.35338,1549509910
345030012>_<1549497121,13316,19,323000,19,-92.41278,19.35338,1549509910,-92.40932,19.35676,1549510041
345030012>_<1549497121,13316,20,323000,20,-92.40932,19.35676,1549510041,-92.40612,19.35984,1549510161
345030012>_<1549497121,13316,21,323000,21,-92.40612,19.35984,1549510161,-92.4027,19.36317,1549510291
345030012>_<1549497121,13316,22,323000,22,-92.4027,19.36317,1549510291,-92.40031,19.36552,1549510382
345030012>_<1549497121,13316,23,323000,23,-92.40031,19.36552,1549510382,-92.39799,19.36881,1549510491
345030012>_<1549497121,13316,24,323000,24,-92.39799,19.36881,1549510491,-92.39454,19.37412,1549510671
345030012>_<1549497121,13316,25,323000,25,-92.39454,19.37412,1549510671,-92.39354,19.37558,1549510742
345030012>_<1549497121,13316,26,323000,26,-92.39354,19.37558,1549510742,-92.39076,19.38004,1549510950
345030012>_<1549497121,13316,27,323000,27,-92.39076,19.38004,1549510950,-92.38951,19.38196,1549511041
345030012>_<1549497121,13316,28,323000,28,-92.38951,19.38196,1549511041,-92.38468,19.38949,1549511390
345030012>_<1549497121,13316,29,323000,29,-92.38468,19.38949,1549511390,-92.38035,19.3962,1549511700
345030012>_<1549497121,13316,30,323000,30,-92.38035,19.3962,1549511700,-92.36379,19.42141,1549512831
345030012>_<1549497121,13316,31,323000,31,-92.36379,19.42141,1549512831,-92.362,19.42407,1549512951
345030012>_<1549497121,13316,32,323000,32,-92.362,19.42407,1549512951,-92.34864,19.44344,1549513831
345030012>_<1549497121,13316,33,323000,33,-92.34864,19.44344,1549513831,-92.34744,19.44517,1549513910
345030012>_<1549497121,13316,34,323000,34,-92.34744,19.44517,1549513910,-92.34409,19.45001,1549514130
345030012>_<1549497121,13316,35,323000,35,-92.34409,19.45001,1549514130,-92.34192,19.45306,1549514270
636016288>_<1548979205,20939,1,583509,1,-125.08621,48.45165,1548979205,-125.08942,48.4487,1548979276
636016288>_<1548979205,20939,2,583509,2,-125.08942,48.4487,1548979276,-125.09313,48.44543,1548979355
636016288>_<1548979205,20939,3,583509,3,-125.09313,48.44543,1548979355,-125.0963,48.44256,1548979426
636016288>_<1548979205,20939,4,583509,4,-125.0963,48.44256,1548979426,-125.10039,48.43884,1548979516
636016288>_<1548979205,20939,5,583509,5,-125.10039,48.43884,1548979516,-125.10344,48.43614,1548979584
636016288>_<1548979205,20939,6,583509,6,-125.10344,48.43614,1548979584,-125.10664,48.4333,1548979655
636016288>_<1548979205,20939,7,583509,7,-125.10664,48.4333,1548979655,-125.10977,48.4305,1548979724
636016288>_<1548979205,20939,8,583509,8,-125.10977,48.4305,1548979724,-125.11386,48.42695,1548979815
636016288>_<1548979205,20939,9,583509,9,-125.11386,48.42695,1548979815,-125.11705,48.42417,1548979884
636016288>_<1548979205,20939,10,583509,10,-125.11705,48.42417,1548979884,-125.11977,48.4218,1548979945
636016288>_<1548979205,20939,11,583509,11,-125.11977,48.4218,1548979945,-125.1239,48.4183,1548980034
636016288>_<1548979205,20939,12,583509,12,-125.1239,48.4183,1548980034,-125.12708,48.41552,1548980106
636016288>_<1548979205,20939,13,583509,13,-125.12708,48.41552,1548980106,-125.13011,48.4128,1548980175
636016288>_<1548979205,20939,14,583509,14,-125.13011,48.4128,1548980175,-125.13377,48.40971,1548980254
636016288>_<1548979205,20939,15,583509,15,-125.13377,48.40971,1548980254,-125.13836,48.40581,1548980355
636016288>_<1548979205,20939,16,583509,16,-125.13836,48.40581,1548980355,-125.14476,48.40045,1548980494
636016288>_<1548979205,20939,17,583509,17,-125.14476,48.40045,1548980494,-125.14804,48.39767,1548980564
636016288>_<1548979205,20939,18,583509,18,-125.14804,48.39767,1548980564,-125.15131,48.3949,1548980635
636016288>_<1548979205,20939,19,583509,19,-125.15131,48.3949,1548980635,-125.15439,48.39224,1548980704
636016288>_<1548979205,20939,20,583509,20,-125.15439,48.39224,1548980704,-125.15998,48.38753,1548980825
636016288>_<1548979205,20939,21,583509,21,-125.15998,48.38753,1548980825,-125.16431,48.38408,1548980915
636016288>_<1548979205,20939,22,583509,22,-125.16431,48.38408,1548980915,-125.16847,48.38053,1548981005
636016288>_<1548979205,20939,23,583509,23,-125.16847,48.38053,1548981005,-125.17206,48.37786,1548981076
636016288>_<1548979205,20939,24,583509,24,-125.17206,48.37786,1548981076,-125.17556,48.37521,1548981145
636016288>_<1548979205,20939,25,583509,25,-125.17556,48.37521,1548981145,-125.17948,48.37224,1548981226
636016288>_<1548979205,20939,26,583509,26,-125.17948,48.37224,1548981226,-125.18701,48.36657,1548981374
636016288>_<1548979205,20939,27,583509,27,-125.18701,48.36657,1548981374,-125.1928,48.36205,1548981494
636016288>_<1548979205,20939,28,583509,28,-125.1928,48.36205,1548981494,-125.19922,48.35712,1548981625
636016288>_<1548979205,20939,29,583509,29,-125.19922,48.35712,1548981625,-125.20355,48.35377,1548981714
636016288>_<1548979205,20939,30,583509,30,-125.20355,48.35377,1548981714,-125.20941,48.34924,1548981834
636016288>_<1548979205,20939,31,583509,31,-125.20941,48.34924,1548981834,-125.21674,48.34351,1548981984
636016288>_<1548979205,20939,32,583509,32,-125.21674,48.34351,1548981984,-125.22028,48.34079,1548982056
636016288>_<1548979205,20939,33,583509,33,-125.22028,48.34079,1548982056,-125.22856,48.33436,1548982225
636016288>_<1548979205,20939,34,583509,34,-125.22856,48.33436,1548982225,-125.23743,48.32746,1548982405
636016288>_<1548979205,20939,35,583509,35,-125.23743,48.32746,1548982405,-125.24185,48.32397,1548982495
636016288>_<1548979205,20939,36,583509,36,-125.24185,48.32397,1548982495,-125.2453,48.3213,1548982566
636016288>_<1548979205,20939,37,583509,37,-125.2453,48.3213,1548982566,-125.24872,48.31869,1548982635
636016288>_<1548979205,20939,38,583509,38,-125.24872,48.31869,1548982635,-125.25226,48.31601,1548982705
636016288>_<1548979205,20939,39,583509,39,-125.25226,48.31601,1548982705,-125.25569,48.31334,1548982776
636016288>_<1548979205,20939,40,583509,40,-125.25569,48.31334,1548982776,-125.25713,48.31224,1548982805
636016288>_<1548979205,20939,41,583509,41,-125.25713,48.31224,1548982805,-125.26069,48.30954,1548982876
636016288>_<1548979205,20939,42,583509,42,-125.26069,48.30954,1548982876,-125.2641,48.3069,1548982945
636016288>_<1548979205,20939,43,583509,43,-125.2641,48.3069,1548982945,-125.2676,48.30425,1548983014
636016288>_<1548979205,20939,44,583509,44,-125.2676,48.30425,1548983014,-125.27059,48.30198,1548983075
636016288>_<1548979205,20939,45,583509,45,-125.27059,48.30198,1548983075,-125.27413,48.29932,1548983146
636016288>_<1548979205,20939,46,583509,46,-125.27413,48.29932,1548983146,-125.27763,48.29663,1548983215
636016288>_<1548979205,20939,47,583509,47,-125.27763,48.29663,1548983215,-125.28112,48.29391,1548983285
636016288>_<1548979205,20939,48,583509,48,-125.28112,48.29391,1548983285,-125.28513,48.29083,1548983364
636016288>_<1548979205,20939,49,583509,49,-125.28513,48.29083,1548983364,-125.28865,48.28813,1548983435
636016288>_<1548979205,20939,50,583509,50,-125.28865,48.28813,1548983435,-125.29215,48.28544,1548983505
636016288>_<1548979205,20939,51,583509,51,-125.29215,48.28544,1548983505,-125.29573,48.28271,1548983575
636016288>_<1548979205,20939,52,583509,52,-125.29573,48.28271,1548983575,-125.29911,48.28009,1548983645
636016288>_<1548979205,20939,53,583509,53,-125.29911,48.28009,1548983645,-125.30254,48.27729,1548983715
636016288>_<1548979205,20939,54,583509,54,-125.30254,48.27729,1548983715,-125.30595,48.2745,1548983785
636016288>_<1548979205,20939,55,583509,55,-125.30595,48.2745,1548983785,-125.30881,48.27216,1548983846
636016288>_<1548979205,20939,56,583509,56,-125.30881,48.27216,1548983846,-125.31263,48.26904,1548983926
636016288>_<1548979205,20939,57,583509,57,-125.31263,48.26904,1548983926,-125.31592,48.26626,1548983995
636016288>_<1548979205,20939,58,583509,58,-125.31592,48.26626,1548983995,-125.31968,48.26312,1548984074
636016288>_<1548979205,20939,59,583509,59,-125.31968,48.26312,1548984074,-125.32391,48.25948,1548984165
636016288>_<1548979205,20939,60,583509,60,-125.32391,48.25948,1548984165,-125.33004,48.2544,1548984294
636016288>_<1548979205,20939,61,583509,61,-125.33004,48.2544,1548984294,-125.33521,48.25005,1548984405
636016288>_<1548979205,20939,62,583509,62,-125.33521,48.25005,1548984405,-125.3384,48.24726,1548984474
636016288>_<1548979205,20939,63,583509,63,-125.3384,48.24726,1548984474,-125.34156,48.2445,1548984544
636016288>_<1548979205,20939,64,583509,64,-125.34156,48.2445,1548984544,-125.34661,48.24013,1548984654
636016288>_<1548979205,20939,65,583509,65,-125.34661,48.24013,1548984654,-125.34948,48.23766,1548984716
636016288>_<1548979205,20939,66,583509,66,-125.34948,48.23766,1548984716,-125.35265,48.23485,1548984785
636016288>_<1548979205,20939,67,583509,67,-125.35265,48.23485,1548984785,-125.35537,48.23246,1548984846
636016288>_<1548979205,20939,68,583509,68,-125.35537,48.23246,1548984846,-125.35853,48.22971,1548984915
636016288>_<1548979205,20939,69,583509,69,-125.35853,48.22971,1548984915,-125.36127,48.22728,1548984976
636016288>_<1548979205,20939,70,583509,70,-125.36127,48.22728,1548984976,-125.36444,48.2245,1548985046
636016288>_<1548979205,20939,71,583509,71,-125.36444,48.2245,1548985046,-125.37077,48.219,1548985184
636016288>_<1548979205,20939,72,583509,72,-125.37077,48.219,1548985184,-125.37351,48.2166,1548985246
636016288>_<1548979205,20939,73,583509,73,-125.37351,48.2166,1548985246,-125.37667,48.21381,1548985316
636016288>_<1548979205,20939,74,583509,74,-125.37667,48.21381,1548985316,-125.37988,48.21105,1548985385
636016288>_<1548979205,20939,75,583509,75,-125.37988,48.21105,1548985385,-125.38751,48.20483,1548985546
636016288>_<1548979205,20939,76,583509,76,-125.38751,48.20483,1548985546,-125.39671,48.19757,1548985735
636016288>_<1548979205,20939,77,583509,77,-125.39671,48.19757,1548985735,-125.40016,48.19485,1548985806
636016288>_<1548979205,20939,78,583509,78,-125.40016,48.19485,1548985806,-125.40356,48.19219,1548985876
636016288>_<1548979205,20939,79,583509,79,-125.40356,48.19219,1548985876,-125.40693,48.18951,1548985946
636016288>_<1548979205,20939,80,583509,80,-125.40693,48.18951,1548985946,-125.41953,48.17979,1548986206
636016288>_<1548979205,20939,81,583509,81,-125.41953,48.17979,1548986206,-125.42532,48.17532,1548986326
636016288>_<1548979205,20939,82,583509,82,-125.42532,48.17532,1548986326,-125.42873,48.17272,1548986395
636016288>_<1548979205,20939,83,583509,83,-125.42873,48.17272,1548986395,-125.42922,48.17235,1548986406
636016288>_<1548979205,20939,84,583509,84,-125.42922,48.17235,1548986406,-125.43316,48.16938,1548986486
636016288>_<1548979205,20939,85,583509,85,-125.43316,48.16938,1548986486,-125.43658,48.16677,1548986556
636016288>_<1548979205,20939,86,583509,86,-125.43658,48.16677,1548986556,-125.43995,48.16419,1548986624
636016288>_<1548979205,20939,87,583509,87,-125.43995,48.16419,1548986624,-125.44291,48.16197,1548986685
636016288>_<1548979205,20939,88,583509,88,-125.44291,48.16197,1548986685,-125.44632,48.15939,1548986755
636016288>_<1548979205,20939,89,583509,89,-125.44632,48.15939,1548986755,-125.44969,48.15679,1548986825
636016288>_<1548979205,20939,90,583509,90,-125.44969,48.15679,1548986825,-125.45357,48.15376,1548986905
636016288>_<1548979205,20939,91,583509,91,-125.45357,48.15376,1548986905,-125.45798,48.15043,1548986995
636016288>_<1548979205,20939,92,583509,92,-125.45798,48.15043,1548986995,-125.4613,48.14785,1548987065
636016288>_<1548979205,20939,93,583509,93,-125.4613,48.14785,1548987065,-125.46516,48.14484,1548987145
636016288>_<1548979205,20939,94,583509,94,-125.46516,48.14484,1548987145,-125.4685,48.14221,1548987214
636016288>_<1548979205,20939,95,583509,95,-125.4685,48.14221,1548987214,-125.47191,48.13952,1548987285
636016288>_<1548979205,20939,96,583509,96,-125.47191,48.13952,1548987285,-125.47664,48.13575,1548987384
636016288>_<1548979205,20939,97,583509,97,-125.47664,48.13575,1548987384,-125.47998,48.13311,1548987454
636016288>_<1548979205,20939,98,583509,98,-125.47998,48.13311,1548987454,-125.48565,48.12848,1548987574
636016288>_<1548979205,20939,99,583509,99,-125.48565,48.12848,1548987574,-125.48908,48.12573,1548987646
636016288>_<1548979205,20939,100,583509,100,-125.48908,48.12573,1548987646,-125.49239,48.12304,1548987715
636016288>_<1548979205,20939,101,583509,101,-125.49239,48.12304,1548987715,-125.4956,48.12042,1548987784
636016288>_<1548979205,20939,102,583509,102,-125.4956,48.12042,1548987784,-125.49896,48.11769,1548987855
636016288>_<1548979205,20939,103,583509,103,-125.49896,48.11769,1548987855,-125.50234,48.11498,1548987925
636016288>_<1548979205,20939,104,583509,104,-125.50234,48.11498,1548987925,-125.5066,48.11148,1548988016
636016288>_<1548979205,20939,105,583509,105,-125.5066,48.11148,1548988016,-125.51216,48.10682,1548988136
636016288>_<1548979205,20939,106,583509,106,-125.51216,48.10682,1548988136,-125.51549,48.10408,1548988206
636016288>_<1548979205,20939,107,583509,107,-125.51549,48.10408,1548988206,-125.52069,48.09969,1548988316
636016288>_<1548979205,20939,108,583509,108,-125.52069,48.09969,1548988316,-125.52387,48.09702,1548988386
636016288>_<1548979205,20939,109,583509,109,-125.52387,48.09702,1548988386,-125.52715,48.09429,1548988455
636016288>_<1548979205,20939,110,583509,110,-125.52715,48.09429,1548988455,-125.53522,48.08765,1548988626
636016288>_<1548979205,20939,111,583509,111,-125.53522,48.08765,1548988626,-125.54132,48.0826,1548988755
636016288>_<1548979205,20939,112,583509,112,-125.54132,48.0826,1548988755,-125.54753,48.07757,1548988884
636016288>_<1548979205,20939,113,583509,113,-125.54753,48.07757,1548988884,-125.55613,48.07044,1548989064
636016288>_<1548979205,20939,114,583509,114,-125.55613,48.07044,1548989064,-125.56002,48.06725,1548989144
636016288>_<1548979205,20939,115,583509,115,-125.56002,48.06725,1548989144,-125.56868,48.06027,1548989324
636016288>_<1548979205,20939,116,583509,116,-125.56868,48.06027,1548989324,-125.57207,48.05756,1548989395
636016288>_<1548979205,20939,117,583509,117,-125.57207,48.05756,1548989395,-125.57542,48.05482,1548989464
636016288>_<1548979205,20939,118,583509,118,-125.57542,48.05482,1548989464,-125.57828,48.05247,1548989525
636016288>_<1548979205,20939,119,583509,119,-125.57828,48.05247,1548989525,-125.58171,48.04977,1548989595
636016288>_<1548979205,20939,120,583509,120,-125.58171,48.04977,1548989595,-125.58513,48.04706,1548989665
636016288>_<1548979205,20939,121,583509,121,-125.58513,48.04706,1548989665,-125.58857,48.04431,1548989736
636016288>_<1548979205,20939,122,583509,122,-125.58857,48.04431,1548989736,-125.59199,48.04161,1548989805
636016288>_<1548979205,20939,123,583509,123,-125.59199,48.04161,1548989805,-125.59538,48.03892,1548989875
636016288>_<1548979205,20939,124,583509,124,-125.59538,48.03892,1548989875,-125.59839,48.03648,1548989936
636016288>_<1548979205,20939,125,583509,125,-125.59839,48.03648,1548989936,-125.60174,48.03384,1548990006
636016288>_<1548979205,20939,126,583509,126,-125.60174,48.03384,1548990006,-125.60521,48.03106,1548990076
636016288>_<1548979205,20939,127,583509,127,-125.60521,48.03106,1548990076,-125.6085,48.02836,1548990144
636016288>_<1548979205,20939,128,583509,128,-125.6085,48.02836,1548990144,-125.61196,48.02563,1548990215
636016288>_<1548979205,20939,129,583509,129,-125.61196,48.02563,1548990215,-125.61479,48.02334,1548990276
636016288>_<1548979205,20939,130,583509,130,-125.61479,48.02334,1548990276,-125.61806,48.02066,1548990344
636016288>_<1548979205,20939,131,583509,131,-125.61806,48.02066,1548990344,-125.62141,48.01794,1548990416
636016288>_<1548979205,20939,132,583509,132,-125.62141,48.01794,1548990416,-125.62613,48.01413,1548990516
636016288>_<1548979205,20939,133,583509,133,-125.62613,48.01413,1548990516,-125.62974,48.01114,1548990595
636016288>_<1548979205,20939,134,583509,134,-125.62974,48.01114,1548990595,-125.63303,48.00845,1548990666
636016288>_<1548979205,20939,135,583509,135,-125.63303,48.00845,1548990666,-125.63856,48.00397,1548990785
636016288>_<1548979205,20939,136,583509,136,-125.63856,48.00397,1548990785,-125.64366,47.99981,1548990895
636016288>_<1548979205,20939,137,583509,137,-125.64366,47.99981,1548990895,-125.64694,47.99717,1548990965
636016288>_<1548979205,20939,138,583509,138,-125.64694,47.99717,1548990965,-125.65064,47.99408,1548991045
636016288>_<1548979205,20939,139,583509,139,-125.65064,47.99408,1548991045,-125.65377,47.99146,1548991115
636016288>_<1548979205,20939,140,583509,140,-125.65377,47.99146,1548991115,-125.65698,47.98884,1548991185
636016288>_<1548979205,20939,141,583509,141,-125.65698,47.98884,1548991185,-125.66195,47.9847,1548991295
636016288>_<1548979205,20939,142,583509,142,-125.66195,47.9847,1548991295,-125.66511,47.98206,1548991365
636016288>_<1548979205,20939,143,583509,143,-125.66511,47.98206,1548991365,-125.66997,47.97785,1548991475
636016288>_<1548979205,20939,144,583509,144,-125.66997,47.97785,1548991475,-125.67434,47.97406,1548991574
636016288>_<1548979205,20939,145,583509,145,-125.67434,47.97406,1548991574,-125.67748,47.97134,1548991644
636016288>_<1548979205,20939,146,583509,146,-125.67748,47.97134,1548991644,-125.68235,47.96712,1548991755
636016288>_<1548979205,20939,147,583509,147,-125.68235,47.96712,1548991755,-125.68854,47.96179,1548991894
636016288>_<1548979205,20939,148,583509,148,-125.68854,47.96179,1548991894,-125.69293,47.95784,1548991995
636016288>_<1548979205,20939,149,583509,149,-125.69293,47.95784,1548991995,-125.69606,47.95508,1548992066
636016288>_<1548979205,20939,150,583509,150,-125.69606,47.95508,1548992066,-125.69924,47.95241,1548992135
636016288>_<1548979205,20939,151,583509,151,-125.69924,47.95241,1548992135,-125.70846,47.94478,1548992336
636016288>_<1548979205,20939,152,583509,152,-125.70846,47.94478,1548992336,-125.71201,47.94188,1548992414
636016288>_<1548979205,20939,153,583509,153,-125.71201,47.94188,1548992414,-125.71534,47.93918,1548992485
636016288>_<1548979205,20939,154,583509,154,-125.71534,47.93918,1548992485,-125.71863,47.93648,1548992555
636016288>_<1548979205,20939,155,583509,155,-125.71863,47.93648,1548992555,-125.72872,47.92801,1548992776
636016288>_<1548979205,20939,156,583509,156,-125.72872,47.92801,1548992776,-125.73197,47.92531,1548992845
636016288>_<1548979205,20939,157,583509,157,-125.73197,47.92531,1548992845,-125.73518,47.92265,1548992915
636016288>_<1548979205,20939,158,583509,158,-125.73518,47.92265,1548992915,-125.74502,47.91457,1548993125
636016288>_<1548979205,20939,159,583509,159,-125.74502,47.91457,1548993125,-125.75367,47.90771,1548993305
636016288>_<1548979205,20939,160,583509,160,-125.75367,47.90771,1548993305,-125.75842,47.90388,1548993405
636016288>_<1548979205,20939,161,583509,161,-125.75842,47.90388,1548993405,-125.76516,47.8985,1548993545
636016288>_<1548979205,20939,162,583509,162,-125.76516,47.8985,1548993545,-125.76798,47.89626,1548993605
636016288>_<1548979205,20939,163,583509,163,-125.76798,47.89626,1548993605,-125.77135,47.89359,1548993675
636016288>_<1548979205,20939,164,583509,164,-125.77135,47.89359,1548993675,-125.77478,47.8909,1548993745
636016288>_<1548979205,20939,165,583509,165,-125.77478,47.8909,1548993745,-125.77857,47.88787,1548993825
636016288>_<1548979205,20939,166,583509,166,-125.77857,47.88787,1548993825,-125.7819,47.88522,1548993894
636016288>_<1548979205,20939,167,583509,167,-125.7819,47.88522,1548993894,-125.78539,47.88246,1548993966
636016288>_<1548979205,20939,168,583509,168,-125.78539,47.88246,1548993966,-125.78921,47.87942,1548994044
636016288>_<1548979205,20939,169,583509,169,-125.78921,47.87942,1548994044,-125.79266,47.8767,1548994116
636016288>_<1548979205,20939,170,583509,170,-125.79266,47.8767,1548994116,-125.79605,47.87402,1548994185
636016288>_<1548979205,20939,171,583509,171,-125.79605,47.87402,1548994185,-125.7999,47.87097,1548994266
636016288>_<1548979205,20939,172,583509,172,-125.7999,47.87097,1548994266,-125.80465,47.86715,1548994365
636016288>_<1548979205,20939,173,583509,173,-125.80465,47.86715,1548994365,-125.80793,47.86458,1548994434
636016288>_<1548979205,20939,174,583509,174,-125.80793,47.86458,1548994434,-125.81134,47.86188,1548994504
636016288>_<1548979205,20939,175,583509,175,-125.81134,47.86188,1548994504,-125.81523,47.85879,1548994585
636016288>_<1548979205,20939,176,583509,176,-125.81523,47.85879,1548994585,-125.81864,47.85609,1548994656
636016288>_<1548979205,20939,177,583509,177,-125.81864,47.85609,1548994656,-125.82465,47.85109,1548994785
636016288>_<1548979205,20939,178,583509,178,-125.82465,47.85109,1548994785,-125.82795,47.84839,1548994856
636016288>_<1548979205,20939,179,583509,179,-125.82795,47.84839,1548994856,-125.83166,47.84535,1548994935
636016288>_<1548979205,20939,180,583509,180,-125.83166,47.84535,1548994935,-125.8378,47.84028,1548995065
636016288>_<1548979205,20939,181,583509,181,-125.8378,47.84028,1548995065,-125.84103,47.83763,1548995135
636016288>_<1548979205,20939,182,583509,182,-125.84103,47.83763,1548995135,-125.84429,47.83492,1548995205
636016288>_<1548979205,20939,183,583509,183,-125.84429,47.83492,1548995205,-125.84753,47.83219,1548995274
636016288>_<1548979205,20939,184,583509,184,-125.84753,47.83219,1548995274,-125.85597,47.82516,1548995454
636016288>_<1548979205,20939,185,583509,185,-125.85597,47.82516,1548995454,-125.85876,47.8228,1548995515
636016288>_<1548979205,20939,186,583509,186,-125.85876,47.8228,1548995515,-125.86773,47.81536,1548995706
636016288>_<1548979205,20939,187,583509,187,-125.86773,47.81536,1548995706,-125.87345,47.81067,1548995826
636016288>_<1548979205,20939,188,583509,188,-125.87345,47.81067,1548995826,-125.87675,47.80796,1548995894
636016288>_<1548979205,20939,189,583509,189,-125.87675,47.80796,1548995894,-125.88678,47.79969,1548996105
636016288>_<1548979205,20939,190,583509,190,-125.88678,47.79969,1548996105,-125.89009,47.79696,1548996175
636016288>_<1548979205,20939,191,583509,191,-125.89009,47.79696,1548996175,-125.89339,47.79422,1548996246
636016288>_<1548979205,20939,192,583509,192,-125.89339,47.79422,1548996246,-125.89664,47.79152,1548996315
636016288>_<1548979205,20939,193,583509,193,-125.89664,47.79152,1548996315,-125.89993,47.78876,1548996385
636016288>_<1548979205,20939,194,583509,194,-125.89993,47.78876,1548996385,-125.90383,47.78558,1548996465
636016288>_<1548979205,20939,195,583509,195,-125.90383,47.78558,1548996465,-125.90863,47.78162,1548996565
636016288>_<1548979205,20939,196,583509,196,-125.90863,47.78162,1548996565,-125.91484,47.77649,1548996695
636016288>_<1548979205,20939,197,583509,197,-125.91484,47.77649,1548996695,-125.9221,47.77054,1548996845
636016288>_<1548979205,20939,198,583509,198,-125.9221,47.77054,1548996845,-125.9351,47.75987,1548997115
636016288>_<1548979205,20939,199,583509,199,-125.9351,47.75987,1548997115,-125.93945,47.75635,1548997205
636016288>_<1548979205,20939,200,583509,200,-125.93945,47.75635,1548997205,-125.94963,47.74817,1548997416
636016288>_<1548979205,20939,201,583509,201,-125.94963,47.74817,1548997416,-125.96066,47.73942,1548997645
636016288>_<1548979205,20939,202,583509,202,-125.96066,47.73942,1548997645,-125.96694,47.73443,1548997776
636016288>_<1548979205,20939,203,583509,203,-125.96694,47.73443,1548997776,-125.97025,47.7318,1548997845
636016288>_<1548979205,20939,204,583509,204,-125.97025,47.7318,1548997845,-125.97456,47.72842,1548997934
636016288>_<1548979205,20939,205,583509,205,-125.97456,47.72842,1548997934,-125.97753,47.72606,1548997996
636016288>_<1548979205,20939,206,583509,206,-125.97753,47.72606,1548997996,-125.98137,47.72308,1548998075
636016288>_<1548979205,20939,207,583509,207,-125.98137,47.72308,1548998075,-125.98575,47.71967,1548998165
636016288>_<1548979205,20939,208,583509,208,-125.98575,47.71967,1548998165,-125.98922,47.71695,1548998236
636016288>_<1548979205,20939,209,583509,209,-125.98922,47.71695,1548998236,-125.99266,47.71425,1548998306
636016288>_<1548979205,20939,210,583509,210,-125.99266,47.71425,1548998306,-125.99608,47.71159,1548998375
636016288>_<1548979205,20939,211,583509,211,-125.99608,47.71159,1548998375,-125.9996,47.70886,1548998446
636016288>_<1548979205,20939,212,583509,212,-125.9996,47.70886,1548998446,-126.00305,47.70616,1548998516
636016288>_<1548979205,20939,213,583509,213,-126.00305,47.70616,1548998516,-126.00645,47.70349,1548998585
636016288>_<1548979205,20939,214,583509,214,-126.00645,47.70349,1548998585,-126.01237,47.69883,1548998706
636016288>_<1548979205,20939,215,583509,215,-126.01237,47.69883,1548998706,-126.01575,47.69617,1548998775
636016288>_<1548979205,20939,216,583509,216,-126.01575,47.69617,1548998775,-126.01924,47.69351,1548998845
636016288>_<1548979205,20939,217,583509,217,-126.01924,47.69351,1548998845,-126.02317,47.69045,1548998924
636016288>_<1548979205,20939,218,583509,218,-126.02317,47.69045,1548998924,-126.02813,47.6866,1548999025
636016288>_<1548979205,20939,219,583509,219,-126.02813,47.6866,1548999025,-126.03157,47.68394,1548999095
636016288>_<1548979205,20939,220,583509,220,-126.03157,47.68394,1548999095,-126.03889,47.6783,1548999244
636016288>_<1548979205,20939,221,583509,221,-126.03889,47.6783,1548999244,-126.04346,47.67479,1548999336
636016288>_<1548979205,20939,222,583509,222,-126.04346,47.67479,1548999336,-126.04842,47.67096,1548999436
636016288>_<1548979205,20939,223,583509,223,-126.04842,47.67096,1548999436,-126.05329,47.66726,1548999534
636016288>_<1548979205,20939,224,583509,224,-126.05329,47.66726,1548999534,-126.05776,47.66381,1548999624
636016288>_<1548979205,20939,225,583509,225,-126.05776,47.66381,1548999624,-126.06362,47.65936,1548999744
636016288>_<1548979205,20939,226,583509,226,-126.06362,47.65936,1548999744,-126.0728,47.65212,1548999934
636016288>_<1548979205,20939,227,583509,227,-126.0728,47.65212,1548999934,-126.08167,47.64525,1549000114
636016288>_<1548979205,20939,228,583509,228,-126.08167,47.64525,1549000114,-126.09277,47.63654,1549000346
636016288>_<1548979205,20939,229,583509,229,-126.09277,47.63654,1549000346,-126.10329,47.6283,1549000565
636016288>_<1548979205,20939,230,583509,230,-126.10329,47.6283,1549000565,-126.10711,47.62527,1549000645
636016288>_<1548979205,20939,231,583509,231,-126.10711,47.62527,1549000645,-126.11108,47.6222,1549000726
636016288>_<1548979205,20939,232,583509,232,-126.11108,47.6222,1549000726,-126.11581,47.61855,1549000825
636016288>_<1548979205,20939,233,583509,233,-126.11581,47.61855,1549000825,-126.11974,47.61557,1549000905
636016288>_<1548979205,20939,234,583509,234,-126.11974,47.61557,1549000905,-126.12361,47.61264,1549000986
636016288>_<1548979205,20939,235,583509,235,-126.12361,47.61264,1549000986,-126.12748,47.6097,1549001066
636016288>_<1548979205,20939,236,583509,236,-126.12748,47.6097,1549001066,-126.13093,47.60713,1549001135
636016288>_<1548979205,20939,237,583509,237,-126.13093,47.60713,1549001135,-126.13687,47.60277,1549001255
636016288>_<1548979205,20939,238,583509,238,-126.13687,47.60277,1549001255,-126.14036,47.60015,1549001325
636016288>_<1548979205,20939,239,583509,239,-126.14036,47.60015,1549001325,-126.14382,47.59765,1549001395
636016288>_<1548979205,20939,240,583509,240,-126.14382,47.59765,1549001395,-126.1479,47.5947,1549001476
636016288>_<1548979205,20939,241,583509,241,-126.1479,47.5947,1549001476,-126.15135,47.59218,1549001545
636016288>_<1548979205,20939,242,583509,242,-126.15135,47.59218,1549001545,-126.15542,47.58921,1549001625
636016288>_<1548979205,20939,243,583509,243,-126.15542,47.58921,1549001625,-126.15949,47.58626,1549001706
636016288>_<1548979205,20939,244,583509,244,-126.15949,47.58626,1549001706,-126.16447,47.58262,1549001805
636016288>_<1548979205,20939,245,583509,245,-126.16447,47.58262,1549001805,-126.17057,47.57821,1549001924
636016288>_<1548979205,20939,246,583509,246,-126.17057,47.57821,1549001924,-126.17465,47.5752,1549002006
636016288>_<1548979205,20939,247,583509,247,-126.17465,47.5752,1549002006,-126.17872,47.57226,1549002086
636016288>_<1548979205,20939,248,583509,248,-126.17872,47.57226,1549002086,-126.18376,47.56863,1549002185
636016288>_<1548979205,20939,249,583509,249,-126.18376,47.56863,1549002185,-126.18736,47.566,1549002256
636016288>_<1548979205,20939,250,583509,250,-126.18736,47.566,1549002256,-126.19098,47.56344,1549002325
983192128>_<1549130696,21173,1,584692,1,-64.92258,18.33287,1549130696,-64.91943,18.33488,1549130810
983192128>_<1549130696,21173,2,584692,2,-64.91943,18.33488,1549130810,-64.91988,18.33456,1549130901
983192128>_<1549130696,21173,3,584692,3,-64.91988,18.33456,1549130901,-64.92181,18.33461,1549131951
983192128>_<1549130696,21173,4,584692,4,-64.92181,18.33461,1549131951,-64.92163,18.33445,1549132490
983192128>_<1549130696,21173,5,584692,5,-64.92163,18.33445,1549132490,-64.92166,18.33448,1549132670
